<?xml version="1.0" encoding="UTF-8"?>
<!DOCTYPE generatorConfiguration PUBLIC "-//mybatis.org//DTD MyBatis Generator Configuration 1.0//EN" "http://mybatis.org/dtd/mybatis-generator-config_1_0.dtd">
<generatorConfiguration>
 <context id="context1">
   <jdbcConnection connectionURL="jdbc:mysql://127.0.0.1:3306/ycxy" driverClass="com.mysql.jdbc.Driver" password="root" userId="root" />
     <javaModelGenerator targetPackage="com.ycxy.wdgj.taobao.domain" targetProject="OMS/src/main/java" />
    <sqlMapGenerator targetPackage="mapper" targetProject="OMS/src/main/resources" />
<javaClientGenerator targetPackage="com.ycxy.wdgj.dao" targetProject="OMS/src/main/java"  type="XMLMAPPER" />
     
    <table  tableName="role"></table>
  </context>
</generatorConfiguration>