<?xml version="1.0" encoding="UTF-8"?>
<!DOCTYPE mapper PUBLIC "-//mybatis.org//DTD Mapper 3.0//EN" "http://mybatis.org/dtd/mybatis-3-mapper.dtd">
<mapper namespace="com.ycxy.wdgj.dao.CustomerMapper">
  <resultMap id="BaseResultMap" type="com.ycxy.wdgj.model.Customer">
    <!--
      WARNING - @mbg.generated
      This element is automatically generated by MyBatis Generator, do not modify.
      This element was generated on Mon Feb 12 11:24:47 CST 2018.
    -->
    <id column="id" jdbcType="INTEGER" property="id" />
    <result column="customer_id" jdbcType="BIGINT" property="customerId" />
    <result column="customer_type" jdbcType="TINYINT" property="customerType" />
    <result column="customer_level" jdbcType="TINYINT" property="customerLevel" />
    <result column="customer_nick" jdbcType="VARCHAR" property="customerNick" />
    <result column="customer_name" jdbcType="VARCHAR" property="customerName" />
    <result column="phone" jdbcType="VARCHAR" property="phone" />
    <result column="country" jdbcType="VARCHAR" property="country" />
    <result column="state" jdbcType="VARCHAR" property="state" />
    <result column="city" jdbcType="VARCHAR" property="city" />
    <result column="district" jdbcType="VARCHAR" property="district" />
    <result column="address" jdbcType="VARCHAR" property="address" />
    <result column="zip" jdbcType="VARCHAR" property="zip" />
    <result column="email" jdbcType="VARCHAR" property="email" />
    <result column="qq" jdbcType="VARCHAR" property="qq" />
    <result column="gender" jdbcType="TINYINT" property="gender" />
    <result column="birthday" jdbcType="DATE" property="birthday" />
    <result column="age" jdbcType="INTEGER" property="age" />
    <result column="gmt_created" jdbcType="TIMESTAMP" property="gmtCreated" />
    <result column="gmt_modified" jdbcType="TIMESTAMP" property="gmtModified" />
  </resultMap>
  <sql id="Example_Where_Clause">
    <!--
      WARNING - @mbg.generated
      This element is automatically generated by MyBatis Generator, do not modify.
      This element was generated on Mon Feb 12 11:24:47 CST 2018.
    -->
    <where>
      <foreach collection="oredCriteria" item="criteria" separator="or">
        <if test="criteria.valid">
          <trim prefix="(" prefixOverrides="and" suffix=")">
            <foreach collection="criteria.criteria" item="criterion">
              <choose>
                <when test="criterion.noValue">
                  and ${criterion.condition}
                </when>
                <when test="criterion.singleValue">
                  and ${criterion.condition} #{criterion.value}
                </when>
                <when test="criterion.betweenValue">
                  and ${criterion.condition} #{criterion.value} and #{criterion.secondValue}
                </when>
                <when test="criterion.listValue">
                  and ${criterion.condition}
                  <foreach close=")" collection="criterion.value" item="listItem" open="(" separator=",">
                    #{listItem}
                  </foreach>
                </when>
              </choose>
            </foreach>
          </trim>
        </if>
      </foreach>
    </where>
  </sql>
  <sql id="Update_By_Example_Where_Clause">
    <!--
      WARNING - @mbg.generated
      This element is automatically generated by MyBatis Generator, do not modify.
      This element was generated on Mon Feb 12 11:24:47 CST 2018.
    -->
    <where>
      <foreach collection="example.oredCriteria" item="criteria" separator="or">
        <if test="criteria.valid">
          <trim prefix="(" prefixOverrides="and" suffix=")">
            <foreach collection="criteria.criteria" item="criterion">
              <choose>
                <when test="criterion.noValue">
                  and ${criterion.condition}
                </when>
                <when test="criterion.singleValue">
                  and ${criterion.condition} #{criterion.value}
                </when>
                <when test="criterion.betweenValue">
                  and ${criterion.condition} #{criterion.value} and #{criterion.secondValue}
                </when>
                <when test="criterion.listValue">
                  and ${criterion.condition}
                  <foreach close=")" collection="criterion.value" item="listItem" open="(" separator=",">
                    #{listItem}
                  </foreach>
                </when>
              </choose>
            </foreach>
          </trim>
        </if>
      </foreach>
    </where>
  </sql>
  <sql id="Base_Column_List">
    <!--
      WARNING - @mbg.generated
      This element is automatically generated by MyBatis Generator, do not modify.
      This element was generated on Mon Feb 12 11:24:47 CST 2018.
    -->
    id, customer_id, customer_type, customer_level, customer_nick, customer_name, phone, 
    country, state, city, district, address, zip, email, qq, gender, birthday, age, gmt_created, 
    gmt_modified
  </sql>
  <select id="selectByExample" parameterType="com.ycxy.wdgj.model.CustomerExample" resultMap="BaseResultMap">
    <!--
      WARNING - @mbg.generated
      This element is automatically generated by MyBatis Generator, do not modify.
      This element was generated on Mon Feb 12 11:24:47 CST 2018.
    -->
    select
    <if test="distinct">
      distinct
    </if>
    <include refid="Base_Column_List" />
    from customer_tb
    <if test="_parameter != null">
      <include refid="Example_Where_Clause" />
    </if>
    <if test="orderByClause != null">
      order by ${orderByClause}
    </if>
  </select>
  <select id="selectByPrimaryKey" parameterType="java.lang.Integer" resultMap="BaseResultMap">
    <!--
      WARNING - @mbg.generated
      This element is automatically generated by MyBatis Generator, do not modify.
      This element was generated on Mon Feb 12 11:24:47 CST 2018.
    -->
    select 
    <include refid="Base_Column_List" />
    from customer_tb
    where id = #{id,jdbcType=INTEGER}
  </select>
  <delete id="deleteByPrimaryKey" parameterType="java.lang.Integer">
    <!--
      WARNING - @mbg.generated
      This element is automatically generated by MyBatis Generator, do not modify.
      This element was generated on Mon Feb 12 11:24:47 CST 2018.
    -->
    delete from customer_tb
    where id = #{id,jdbcType=INTEGER}
  </delete>
  <delete id="deleteByExample" parameterType="com.ycxy.wdgj.model.CustomerExample">
    <!--
      WARNING - @mbg.generated
      This element is automatically generated by MyBatis Generator, do not modify.
      This element was generated on Mon Feb 12 11:24:47 CST 2018.
    -->
    delete from customer_tb
    <if test="_parameter != null">
      <include refid="Example_Where_Clause" />
    </if>
  </delete>
  <insert id="insert" parameterType="com.ycxy.wdgj.model.Customer">
    <!--
      WARNING - @mbg.generated
      This element is automatically generated by MyBatis Generator, do not modify.
      This element was generated on Mon Feb 12 11:24:47 CST 2018.
    -->
    insert into customer_tb (id, customer_id, customer_type, 
      customer_level, customer_nick, customer_name, 
      phone, country, state, 
      city, district, address, 
      zip, email, qq, gender, 
      birthday, age, gmt_created, 
      gmt_modified)
    values (#{id,jdbcType=INTEGER}, #{customerId,jdbcType=BIGINT}, #{customerType,jdbcType=TINYINT}, 
      #{customerLevel,jdbcType=TINYINT}, #{customerNick,jdbcType=VARCHAR}, #{customerName,jdbcType=VARCHAR}, 
      #{phone,jdbcType=VARCHAR}, #{country,jdbcType=VARCHAR}, #{state,jdbcType=VARCHAR}, 
      #{city,jdbcType=VARCHAR}, #{district,jdbcType=VARCHAR}, #{address,jdbcType=VARCHAR}, 
      #{zip,jdbcType=VARCHAR}, #{email,jdbcType=VARCHAR}, #{qq,jdbcType=VARCHAR}, #{gender,jdbcType=TINYINT}, 
      #{birthday,jdbcType=DATE}, #{age,jdbcType=INTEGER}, #{gmtCreated,jdbcType=TIMESTAMP}, 
      #{gmtModified,jdbcType=TIMESTAMP})
  </insert>
  <insert id="insertSelective" parameterType="com.ycxy.wdgj.model.Customer">
    <!--
      WARNING - @mbg.generated
      This element is automatically generated by MyBatis Generator, do not modify.
      This element was generated on Mon Feb 12 11:24:47 CST 2018.
    -->
    insert into customer_tb
    <trim prefix="(" suffix=")" suffixOverrides=",">
      <if test="id != null">
        id,
      </if>
      <if test="customerId != null">
        customer_id,
      </if>
      <if test="customerType != null">
        customer_type,
      </if>
      <if test="customerLevel != null">
        customer_level,
      </if>
      <if test="customerNick != null">
        customer_nick,
      </if>
      <if test="customerName != null">
        customer_name,
      </if>
      <if test="phone != null">
        phone,
      </if>
      <if test="country != null">
        country,
      </if>
      <if test="state != null">
        state,
      </if>
      <if test="city != null">
        city,
      </if>
      <if test="district != null">
        district,
      </if>
      <if test="address != null">
        address,
      </if>
      <if test="zip != null">
        zip,
      </if>
      <if test="email != null">
        email,
      </if>
      <if test="qq != null">
        qq,
      </if>
      <if test="gender != null">
        gender,
      </if>
      <if test="birthday != null">
        birthday,
      </if>
      <if test="age != null">
        age,
      </if>
      <if test="gmtCreated != null">
        gmt_created,
      </if>
      <if test="gmtModified != null">
        gmt_modified,
      </if>
    </trim>
    <trim prefix="values (" suffix=")" suffixOverrides=",">
      <if test="id != null">
        #{id,jdbcType=INTEGER},
      </if>
      <if test="customerId != null">
        #{customerId,jdbcType=BIGINT},
      </if>
      <if test="customerType != null">
        #{customerType,jdbcType=TINYINT},
      </if>
      <if test="customerLevel != null">
        #{customerLevel,jdbcType=TINYINT},
      </if>
      <if test="customerNick != null">
        #{customerNick,jdbcType=VARCHAR},
      </if>
      <if test="customerName != null">
        #{customerName,jdbcType=VARCHAR},
      </if>
      <if test="phone != null">
        #{phone,jdbcType=VARCHAR},
      </if>
      <if test="country != null">
        #{country,jdbcType=VARCHAR},
      </if>
      <if test="state != null">
        #{state,jdbcType=VARCHAR},
      </if>
      <if test="city != null">
        #{city,jdbcType=VARCHAR},
      </if>
      <if test="district != null">
        #{district,jdbcType=VARCHAR},
      </if>
      <if test="address != null">
        #{address,jdbcType=VARCHAR},
      </if>
      <if test="zip != null">
        #{zip,jdbcType=VARCHAR},
      </if>
      <if test="email != null">
        #{email,jdbcType=VARCHAR},
      </if>
      <if test="qq != null">
        #{qq,jdbcType=VARCHAR},
      </if>
      <if test="gender != null">
        #{gender,jdbcType=TINYINT},
      </if>
      <if test="birthday != null">
        #{birthday,jdbcType=DATE},
      </if>
      <if test="age != null">
        #{age,jdbcType=INTEGER},
      </if>
      <if test="gmtCreated != null">
        #{gmtCreated,jdbcType=TIMESTAMP},
      </if>
      <if test="gmtModified != null">
        #{gmtModified,jdbcType=TIMESTAMP},
      </if>
    </trim>
  </insert>
  <select id="countByExample" parameterType="com.ycxy.wdgj.model.CustomerExample" resultType="java.lang.Long">
    <!--
      WARNING - @mbg.generated
      This element is automatically generated by MyBatis Generator, do not modify.
      This element was generated on Mon Feb 12 11:24:47 CST 2018.
    -->
    select count(*) from customer_tb
    <if test="_parameter != null">
      <include refid="Example_Where_Clause" />
    </if>
  </select>
  <update id="updateByExampleSelective" parameterType="map">
    <!--
      WARNING - @mbg.generated
      This element is automatically generated by MyBatis Generator, do not modify.
      This element was generated on Mon Feb 12 11:24:47 CST 2018.
    -->
    update customer_tb
    <set>
      <if test="record.id != null">
        id = #{record.id,jdbcType=INTEGER},
      </if>
      <if test="record.customerId != null">
        customer_id = #{record.customerId,jdbcType=BIGINT},
      </if>
      <if test="record.customerType != null">
        customer_type = #{record.customerType,jdbcType=TINYINT},
      </if>
      <if test="record.customerLevel != null">
        customer_level = #{record.customerLevel,jdbcType=TINYINT},
      </if>
      <if test="record.customerNick != null">
        customer_nick = #{record.customerNick,jdbcType=VARCHAR},
      </if>
      <if test="record.customerName != null">
        customer_name = #{record.customerName,jdbcType=VARCHAR},
      </if>
      <if test="record.phone != null">
        phone = #{record.phone,jdbcType=VARCHAR},
      </if>
      <if test="record.country != null">
        country = #{record.country,jdbcType=VARCHAR},
      </if>
      <if test="record.state != null">
        state = #{record.state,jdbcType=VARCHAR},
      </if>
      <if test="record.city != null">
        city = #{record.city,jdbcType=VARCHAR},
      </if>
      <if test="record.district != null">
        district = #{record.district,jdbcType=VARCHAR},
      </if>
      <if test="record.address != null">
        address = #{record.address,jdbcType=VARCHAR},
      </if>
      <if test="record.zip != null">
        zip = #{record.zip,jdbcType=VARCHAR},
      </if>
      <if test="record.email != null">
        email = #{record.email,jdbcType=VARCHAR},
      </if>
      <if test="record.qq != null">
        qq = #{record.qq,jdbcType=VARCHAR},
      </if>
      <if test="record.gender != null">
        gender = #{record.gender,jdbcType=TINYINT},
      </if>
      <if test="record.birthday != null">
        birthday = #{record.birthday,jdbcType=DATE},
      </if>
      <if test="record.age != null">
        age = #{record.age,jdbcType=INTEGER},
      </if>
      <if test="record.gmtCreated != null">
        gmt_created = #{record.gmtCreated,jdbcType=TIMESTAMP},
      </if>
      <if test="record.gmtModified != null">
        gmt_modified = #{record.gmtModified,jdbcType=TIMESTAMP},
      </if>
    </set>
    <if test="_parameter != null">
      <include refid="Update_By_Example_Where_Clause" />
    </if>
  </update>
  <update id="updateByExample" parameterType="map">
    <!--
      WARNING - @mbg.generated
      This element is automatically generated by MyBatis Generator, do not modify.
      This element was generated on Mon Feb 12 11:24:47 CST 2018.
    -->
    update customer_tb
    set id = #{record.id,jdbcType=INTEGER},
      customer_id = #{record.customerId,jdbcType=BIGINT},
      customer_type = #{record.customerType,jdbcType=TINYINT},
      customer_level = #{record.customerLevel,jdbcType=TINYINT},
      customer_nick = #{record.customerNick,jdbcType=VARCHAR},
      customer_name = #{record.customerName,jdbcType=VARCHAR},
      phone = #{record.phone,jdbcType=VARCHAR},
      country = #{record.country,jdbcType=VARCHAR},
      state = #{record.state,jdbcType=VARCHAR},
      city = #{record.city,jdbcType=VARCHAR},
      district = #{record.district,jdbcType=VARCHAR},
      address = #{record.address,jdbcType=VARCHAR},
      zip = #{record.zip,jdbcType=VARCHAR},
      email = #{record.email,jdbcType=VARCHAR},
      qq = #{record.qq,jdbcType=VARCHAR},
      gender = #{record.gender,jdbcType=TINYINT},
      birthday = #{record.birthday,jdbcType=DATE},
      age = #{record.age,jdbcType=INTEGER},
      gmt_created = #{record.gmtCreated,jdbcType=TIMESTAMP},
      gmt_modified = #{record.gmtModified,jdbcType=TIMESTAMP}
    <if test="_parameter != null">
      <include refid="Update_By_Example_Where_Clause" />
    </if>
  </update>
  <update id="updateByPrimaryKeySelective" parameterType="com.ycxy.wdgj.model.Customer">
    <!--
      WARNING - @mbg.generated
      This element is automatically generated by MyBatis Generator, do not modify.
      This element was generated on Mon Feb 12 11:24:47 CST 2018.
    -->
    update customer_tb
    <set>
      <if test="customerId != null">
        customer_id = #{customerId,jdbcType=BIGINT},
      </if>
      <if test="customerType != null">
        customer_type = #{customerType,jdbcType=TINYINT},
      </if>
      <if test="customerLevel != null">
        customer_level = #{customerLevel,jdbcType=TINYINT},
      </if>
      <if test="customerNick != null">
        customer_nick = #{customerNick,jdbcType=VARCHAR},
      </if>
      <if test="customerName != null">
        customer_name = #{customerName,jdbcType=VARCHAR},
      </if>
      <if test="phone != null">
        phone = #{phone,jdbcType=VARCHAR},
      </if>
      <if test="country != null">
        country = #{country,jdbcType=VARCHAR},
      </if>
      <if test="state != null">
        state = #{state,jdbcType=VARCHAR},
      </if>
      <if test="city != null">
        city = #{city,jdbcType=VARCHAR},
      </if>
      <if test="district != null">
        district = #{district,jdbcType=VARCHAR},
      </if>
      <if test="address != null">
        address = #{address,jdbcType=VARCHAR},
      </if>
      <if test="zip != null">
        zip = #{zip,jdbcType=VARCHAR},
      </if>
      <if test="email != null">
        email = #{email,jdbcType=VARCHAR},
      </if>
      <if test="qq != null">
        qq = #{qq,jdbcType=VARCHAR},
      </if>
      <if test="gender != null">
        gender = #{gender,jdbcType=TINYINT},
      </if>
      <if test="birthday != null">
        birthday = #{birthday,jdbcType=DATE},
      </if>
      <if test="age != null">
        age = #{age,jdbcType=INTEGER},
      </if>
      <if test="gmtCreated != null">
        gmt_created = #{gmtCreated,jdbcType=TIMESTAMP},
      </if>
      <if test="gmtModified != null">
        gmt_modified = #{gmtModified,jdbcType=TIMESTAMP},
      </if>
    </set>
    where id = #{id,jdbcType=INTEGER}
  </update>
  <update id="updateByPrimaryKey" parameterType="com.ycxy.wdgj.model.Customer">
    <!--
      WARNING - @mbg.generated
      This element is automatically generated by MyBatis Generator, do not modify.
      This element was generated on Mon Feb 12 11:24:47 CST 2018.
    -->
    update customer_tb
    set customer_id = #{customerId,jdbcType=BIGINT},
      customer_type = #{customerType,jdbcType=TINYINT},
      customer_level = #{customerLevel,jdbcType=TINYINT},
      customer_nick = #{customerNick,jdbcType=VARCHAR},
      customer_name = #{customerName,jdbcType=VARCHAR},
      phone = #{phone,jdbcType=VARCHAR},
      country = #{country,jdbcType=VARCHAR},
      state = #{state,jdbcType=VARCHAR},
      city = #{city,jdbcType=VARCHAR},
      district = #{district,jdbcType=VARCHAR},
      address = #{address,jdbcType=VARCHAR},
      zip = #{zip,jdbcType=VARCHAR},
      email = #{email,jdbcType=VARCHAR},
      qq = #{qq,jdbcType=VARCHAR},
      gender = #{gender,jdbcType=TINYINT},
      birthday = #{birthday,jdbcType=DATE},
      age = #{age,jdbcType=INTEGER},
      gmt_created = #{gmtCreated,jdbcType=TIMESTAMP},
      gmt_modified = #{gmtModified,jdbcType=TIMESTAMP}
    where id = #{id,jdbcType=INTEGER}
  </update>
</mapper>