<?xml version="1.0" encoding="UTF-8"?>
<!DOCTYPE mapper PUBLIC "-//mybatis.org//DTD Mapper 3.0//EN" "http://mybatis.org/dtd/mybatis-3-mapper.dtd">
<mapper namespace="com.ycxy.wdgj.dao.DistrictsMapper">
  <resultMap id="BaseResultMap" type="com.ycxy.wdgj.model.Districts">
    <!--
      WARNING - @mbg.generated
      This element is automatically generated by MyBatis Generator, do not modify.
      This element was generated on Thu Feb 22 11:42:38 CST 2018.
    -->
    <id column="id" jdbcType="INTEGER" property="id" />
    <result column="citycode" jdbcType="CHAR" property="citycode" />
    <result column="adcode" jdbcType="INTEGER" property="adcode" />
    <result column="name" jdbcType="VARCHAR" property="name" />
    <result column="center" jdbcType="VARCHAR" property="center" />
    <result column="level" jdbcType="VARCHAR" property="level" />
    <result column="keyword" jdbcType="VARCHAR" property="keyword" />
  </resultMap>
  <sql id="Example_Where_Clause">
    <!--
      WARNING - @mbg.generated
      This element is automatically generated by MyBatis Generator, do not modify.
      This element was generated on Thu Feb 22 11:42:38 CST 2018.
    -->
    <where>
      <foreach collection="oredCriteria" item="criteria" separator="or">
        <if test="criteria.valid">
          <trim prefix="(" prefixOverrides="and" suffix=")">
            <foreach collection="criteria.criteria" item="criterion">
              <choose>
                <when test="criterion.noValue">
                  and ${criterion.condition}
                </when>
                <when test="criterion.singleValue">
                  and ${criterion.condition} #{criterion.value}
                </when>
                <when test="criterion.betweenValue">
                  and ${criterion.condition} #{criterion.value} and #{criterion.secondValue}
                </when>
                <when test="criterion.listValue">
                  and ${criterion.condition}
                  <foreach close=")" collection="criterion.value" item="listItem" open="(" separator=",">
                    #{listItem}
                  </foreach>
                </when>
              </choose>
            </foreach>
          </trim>
        </if>
      </foreach>
    </where>
  </sql>
  <sql id="Update_By_Example_Where_Clause">
    <!--
      WARNING - @mbg.generated
      This element is automatically generated by MyBatis Generator, do not modify.
      This element was generated on Thu Feb 22 11:42:38 CST 2018.
    -->
    <where>
      <foreach collection="example.oredCriteria" item="criteria" separator="or">
        <if test="criteria.valid">
          <trim prefix="(" prefixOverrides="and" suffix=")">
            <foreach collection="criteria.criteria" item="criterion">
              <choose>
                <when test="criterion.noValue">
                  and ${criterion.condition}
                </when>
                <when test="criterion.singleValue">
                  and ${criterion.condition} #{criterion.value}
                </when>
                <when test="criterion.betweenValue">
                  and ${criterion.condition} #{criterion.value} and #{criterion.secondValue}
                </when>
                <when test="criterion.listValue">
                  and ${criterion.condition}
                  <foreach close=")" collection="criterion.value" item="listItem" open="(" separator=",">
                    #{listItem}
                  </foreach>
                </when>
              </choose>
            </foreach>
          </trim>
        </if>
      </foreach>
    </where>
  </sql>
  <sql id="Base_Column_List">
    <!--
      WARNING - @mbg.generated
      This element is automatically generated by MyBatis Generator, do not modify.
      This element was generated on Thu Feb 22 11:42:38 CST 2018.
    -->
    id, citycode, adcode, name, center, level, keyword
  </sql>
  <select id="selectByExample" parameterType="com.ycxy.wdgj.model.DistrictsExample" resultMap="BaseResultMap">
    <!--
      WARNING - @mbg.generated
      This element is automatically generated by MyBatis Generator, do not modify.
      This element was generated on Thu Feb 22 11:42:38 CST 2018.
    -->
    select
    <if test="distinct">
      distinct
    </if>
    <include refid="Base_Column_List" />
    from districts
    <if test="_parameter != null">
      <include refid="Example_Where_Clause" />
    </if>
    <if test="orderByClause != null">
      order by ${orderByClause}
    </if>
  </select>
  <select id="selectByPrimaryKey" parameterType="java.lang.Integer" resultMap="BaseResultMap">
    <!--
      WARNING - @mbg.generated
      This element is automatically generated by MyBatis Generator, do not modify.
      This element was generated on Thu Feb 22 11:42:38 CST 2018.
    -->
    select 
    <include refid="Base_Column_List" />
    from districts
    where id = #{id,jdbcType=INTEGER}
  </select>
  <delete id="deleteByPrimaryKey" parameterType="java.lang.Integer">
    <!--
      WARNING - @mbg.generated
      This element is automatically generated by MyBatis Generator, do not modify.
      This element was generated on Thu Feb 22 11:42:38 CST 2018.
    -->
    delete from districts
    where id = #{id,jdbcType=INTEGER}
  </delete>
  <delete id="deleteByExample" parameterType="com.ycxy.wdgj.model.DistrictsExample">
    <!--
      WARNING - @mbg.generated
      This element is automatically generated by MyBatis Generator, do not modify.
      This element was generated on Thu Feb 22 11:42:38 CST 2018.
    -->
    delete from districts
    <if test="_parameter != null">
      <include refid="Example_Where_Clause" />
    </if>
  </delete>
  <insert id="insert" parameterType="com.ycxy.wdgj.model.Districts">
    <!--
      WARNING - @mbg.generated
      This element is automatically generated by MyBatis Generator, do not modify.
      This element was generated on Thu Feb 22 11:42:38 CST 2018.
    -->
    insert into districts (id, citycode, adcode, 
      name, center, level, 
      keyword)
    values (#{id,jdbcType=INTEGER}, #{citycode,jdbcType=CHAR}, #{adcode,jdbcType=INTEGER}, 
      #{name,jdbcType=VARCHAR}, #{center,jdbcType=VARCHAR}, #{level,jdbcType=VARCHAR}, 
      #{keyword,jdbcType=VARCHAR})
  </insert>
  <insert id="insertSelective" parameterType="com.ycxy.wdgj.model.Districts">
    <!--
      WARNING - @mbg.generated
      This element is automatically generated by MyBatis Generator, do not modify.
      This element was generated on Thu Feb 22 11:42:38 CST 2018.
    -->
    insert into districts
    <trim prefix="(" suffix=")" suffixOverrides=",">
      <if test="id != null">
        id,
      </if>
      <if test="citycode != null">
        citycode,
      </if>
      <if test="adcode != null">
        adcode,
      </if>
      <if test="name != null">
        name,
      </if>
      <if test="center != null">
        center,
      </if>
      <if test="level != null">
        level,
      </if>
      <if test="keyword != null">
        keyword,
      </if>
    </trim>
    <trim prefix="values (" suffix=")" suffixOverrides=",">
      <if test="id != null">
        #{id,jdbcType=INTEGER},
      </if>
      <if test="citycode != null">
        #{citycode,jdbcType=CHAR},
      </if>
      <if test="adcode != null">
        #{adcode,jdbcType=INTEGER},
      </if>
      <if test="name != null">
        #{name,jdbcType=VARCHAR},
      </if>
      <if test="center != null">
        #{center,jdbcType=VARCHAR},
      </if>
      <if test="level != null">
        #{level,jdbcType=VARCHAR},
      </if>
      <if test="keyword != null">
        #{keyword,jdbcType=VARCHAR},
      </if>
    </trim>
  </insert>
  <select id="countByExample" parameterType="com.ycxy.wdgj.model.DistrictsExample" resultType="java.lang.Long">
    <!--
      WARNING - @mbg.generated
      This element is automatically generated by MyBatis Generator, do not modify.
      This element was generated on Thu Feb 22 11:42:38 CST 2018.
    -->
    select count(*) from districts
    <if test="_parameter != null">
      <include refid="Example_Where_Clause" />
    </if>
  </select>
  <update id="updateByExampleSelective" parameterType="map">
    <!--
      WARNING - @mbg.generated
      This element is automatically generated by MyBatis Generator, do not modify.
      This element was generated on Thu Feb 22 11:42:38 CST 2018.
    -->
    update districts
    <set>
      <if test="record.id != null">
        id = #{record.id,jdbcType=INTEGER},
      </if>
      <if test="record.citycode != null">
        citycode = #{record.citycode,jdbcType=CHAR},
      </if>
      <if test="record.adcode != null">
        adcode = #{record.adcode,jdbcType=INTEGER},
      </if>
      <if test="record.name != null">
        name = #{record.name,jdbcType=VARCHAR},
      </if>
      <if test="record.center != null">
        center = #{record.center,jdbcType=VARCHAR},
      </if>
      <if test="record.level != null">
        level = #{record.level,jdbcType=VARCHAR},
      </if>
      <if test="record.keyword != null">
        keyword = #{record.keyword,jdbcType=VARCHAR},
      </if>
    </set>
    <if test="_parameter != null">
      <include refid="Update_By_Example_Where_Clause" />
    </if>
  </update>
  <update id="updateByExample" parameterType="map">
    <!--
      WARNING - @mbg.generated
      This element is automatically generated by MyBatis Generator, do not modify.
      This element was generated on Thu Feb 22 11:42:38 CST 2018.
    -->
    update districts
    set id = #{record.id,jdbcType=INTEGER},
      citycode = #{record.citycode,jdbcType=CHAR},
      adcode = #{record.adcode,jdbcType=INTEGER},
      name = #{record.name,jdbcType=VARCHAR},
      center = #{record.center,jdbcType=VARCHAR},
      level = #{record.level,jdbcType=VARCHAR},
      keyword = #{record.keyword,jdbcType=VARCHAR}
    <if test="_parameter != null">
      <include refid="Update_By_Example_Where_Clause" />
    </if>
  </update>
  <update id="updateByPrimaryKeySelective" parameterType="com.ycxy.wdgj.model.Districts">
    <!--
      WARNING - @mbg.generated
      This element is automatically generated by MyBatis Generator, do not modify.
      This element was generated on Thu Feb 22 11:42:38 CST 2018.
    -->
    update districts
    <set>
      <if test="citycode != null">
        citycode = #{citycode,jdbcType=CHAR},
      </if>
      <if test="adcode != null">
        adcode = #{adcode,jdbcType=INTEGER},
      </if>
      <if test="name != null">
        name = #{name,jdbcType=VARCHAR},
      </if>
      <if test="center != null">
        center = #{center,jdbcType=VARCHAR},
      </if>
      <if test="level != null">
        level = #{level,jdbcType=VARCHAR},
      </if>
      <if test="keyword != null">
        keyword = #{keyword,jdbcType=VARCHAR},
      </if>
    </set>
    where id = #{id,jdbcType=INTEGER}
  </update>
  <update id="updateByPrimaryKey" parameterType="com.ycxy.wdgj.model.Districts">
    <!--
      WARNING - @mbg.generated
      This element is automatically generated by MyBatis Generator, do not modify.
      This element was generated on Thu Feb 22 11:42:38 CST 2018.
    -->
    update districts
    set citycode = #{citycode,jdbcType=CHAR},
      adcode = #{adcode,jdbcType=INTEGER},
      name = #{name,jdbcType=VARCHAR},
      center = #{center,jdbcType=VARCHAR},
      level = #{level,jdbcType=VARCHAR},
      keyword = #{keyword,jdbcType=VARCHAR}
    where id = #{id,jdbcType=INTEGER}
  </update>
  <insert id="insertSelectiveList">
    insert into districts(id, citycode, adcode,name, center, level,keyword)
    values
    <foreach collection="list" item="item" separator=",">
        (#{item.id,jdbcType=INTEGER}, #{item.citycode,jdbcType=VARCHAR}, #{item.adcode,jdbcType=INTEGER}, 
       #{item.name,jdbcType=VARCHAR}, #{item.center,jdbcType=VARCHAR}, #{item.level,jdbcType=VARCHAR},#{keyword,jdbcType=VARCHAR})
    </foreach>
  </insert>
</mapper>