<?xml version="1.0" encoding="UTF-8"?>
<!DOCTYPE mapper PUBLIC "-//mybatis.org//DTD Mapper 3.0//EN" "http://mybatis.org/dtd/mybatis-3-mapper.dtd">
<mapper namespace="com.ycxy.wdgj.dao.ProductMapper">
  <resultMap id="BaseResultMap" type="com.ycxy.wdgj.model.Product">
    <!--
      WARNING - @mbg.generated
      This element is automatically generated by MyBatis Generator, do not modify.
      This element was generated on Thu Feb 22 15:11:18 CST 2018.
    -->
    <id column="id" jdbcType="INTEGER" property="id" />
    <result column="weight" jdbcType="DOUBLE" property="weight" />
    <result column="barcode" jdbcType="VARCHAR" property="barcode" />
    <result column="image" jdbcType="VARCHAR" property="image" />
    <result column="price" jdbcType="DOUBLE" property="price" />
    <result column="goods_name" jdbcType="VARCHAR" property="goodsName" />
    <result column="goods_id" jdbcType="VARCHAR" property="goodsId" />
    <result column="isDelete" jdbcType="TINYINT" property="isdelete" />
  </resultMap>
  <sql id="Example_Where_Clause">
    <!--
      WARNING - @mbg.generated
      This element is automatically generated by MyBatis Generator, do not modify.
      This element was generated on Thu Feb 22 15:11:18 CST 2018.
    -->
    <where>
      <foreach collection="oredCriteria" item="criteria" separator="or">
        <if test="criteria.valid">
          <trim prefix="(" prefixOverrides="and" suffix=")">
            <foreach collection="criteria.criteria" item="criterion">
              <choose>
                <when test="criterion.noValue">
                  and ${criterion.condition}
                </when>
                <when test="criterion.singleValue">
                  and ${criterion.condition} #{criterion.value}
                </when>
                <when test="criterion.betweenValue">
                  and ${criterion.condition} #{criterion.value} and #{criterion.secondValue}
                </when>
                <when test="criterion.listValue">
                  and ${criterion.condition}
                  <foreach close=")" collection="criterion.value" item="listItem" open="(" separator=",">
                    #{listItem}
                  </foreach>
                </when>
              </choose>
            </foreach>
          </trim>
        </if>
      </foreach>
    </where>
  </sql>
  <sql id="Update_By_Example_Where_Clause">
    <!--
      WARNING - @mbg.generated
      This element is automatically generated by MyBatis Generator, do not modify.
      This element was generated on Thu Feb 22 15:11:18 CST 2018.
    -->
    <where>
      <foreach collection="example.oredCriteria" item="criteria" separator="or">
        <if test="criteria.valid">
          <trim prefix="(" prefixOverrides="and" suffix=")">
            <foreach collection="criteria.criteria" item="criterion">
              <choose>
                <when test="criterion.noValue">
                  and ${criterion.condition}
                </when>
                <when test="criterion.singleValue">
                  and ${criterion.condition} #{criterion.value}
                </when>
                <when test="criterion.betweenValue">
                  and ${criterion.condition} #{criterion.value} and #{criterion.secondValue}
                </when>
                <when test="criterion.listValue">
                  and ${criterion.condition}
                  <foreach close=")" collection="criterion.value" item="listItem" open="(" separator=",">
                    #{listItem}
                  </foreach>
                </when>
              </choose>
            </foreach>
          </trim>
        </if>
      </foreach>
    </where>
  </sql>
  <sql id="Base_Column_List">
    <!--
      WARNING - @mbg.generated
      This element is automatically generated by MyBatis Generator, do not modify.
      This element was generated on Thu Feb 22 15:11:18 CST 2018.
    -->
    id, weight, barcode, image, price, goods_name, goods_id, isDelete
  </sql>
  <select id="selectByExample" parameterType="com.ycxy.wdgj.model.ProductExample" resultMap="BaseResultMap">
    <!--
      WARNING - @mbg.generated
      This element is automatically generated by MyBatis Generator, do not modify.
      This element was generated on Thu Feb 22 15:11:18 CST 2018.
    -->
    select
    <if test="distinct">
      distinct
    </if>
    <include refid="Base_Column_List" />
    from product
    <if test="_parameter != null">
      <include refid="Example_Where_Clause" />
    </if>
    <if test="orderByClause != null">
      order by ${orderByClause}
    </if>
  </select>
  <select id="selectByPrimaryKey" parameterType="java.lang.Integer" resultMap="BaseResultMap">
    <!--
      WARNING - @mbg.generated
      This element is automatically generated by MyBatis Generator, do not modify.
      This element was generated on Thu Feb 22 15:11:18 CST 2018.
    -->
    select 
    <include refid="Base_Column_List" />
    from product
    where id = #{id,jdbcType=INTEGER}
  </select>
  <delete id="deleteByPrimaryKey" parameterType="java.lang.Integer">
    <!--
      WARNING - @mbg.generated
      This element is automatically generated by MyBatis Generator, do not modify.
      This element was generated on Thu Feb 22 15:11:18 CST 2018.
    -->
    delete from product
    where id = #{id,jdbcType=INTEGER}
  </delete>
  <delete id="deleteByExample" parameterType="com.ycxy.wdgj.model.ProductExample">
    <!--
      WARNING - @mbg.generated
      This element is automatically generated by MyBatis Generator, do not modify.
      This element was generated on Thu Feb 22 15:11:18 CST 2018.
    -->
    delete from product
    <if test="_parameter != null">
      <include refid="Example_Where_Clause" />
    </if>
  </delete>
  <insert id="insert" parameterType="com.ycxy.wdgj.model.Product">
    <!--
      WARNING - @mbg.generated
      This element is automatically generated by MyBatis Generator, do not modify.
      This element was generated on Thu Feb 22 15:11:18 CST 2018.
    -->
    insert into product (id, weight, barcode, 
      image, price, goods_name, 
      goods_id, isDelete)
    values (#{id,jdbcType=INTEGER}, #{weight,jdbcType=DOUBLE}, #{barcode,jdbcType=VARCHAR}, 
      #{image,jdbcType=VARCHAR}, #{price,jdbcType=DOUBLE}, #{goodsName,jdbcType=VARCHAR}, 
      #{goodsId,jdbcType=VARCHAR}, #{isdelete,jdbcType=TINYINT})
  </insert>
  <insert id="insertSelective" parameterType="com.ycxy.wdgj.model.Product">
    <!--
      WARNING - @mbg.generated
      This element is automatically generated by MyBatis Generator, do not modify.
      This element was generated on Thu Feb 22 15:11:18 CST 2018.
    -->
    insert into product
    <trim prefix="(" suffix=")" suffixOverrides=",">
      <if test="id != null">
        id,
      </if>
      <if test="weight != null">
        weight,
      </if>
      <if test="barcode != null">
        barcode,
      </if>
      <if test="image != null">
        image,
      </if>
      <if test="price != null">
        price,
      </if>
      <if test="goodsName != null">
        goods_name,
      </if>
      <if test="goodsId != null">
        goods_id,
      </if>
      <if test="isdelete != null">
        isDelete,
      </if>
    </trim>
    <trim prefix="values (" suffix=")" suffixOverrides=",">
      <if test="id != null">
        #{id,jdbcType=INTEGER},
      </if>
      <if test="weight != null">
        #{weight,jdbcType=DOUBLE},
      </if>
      <if test="barcode != null">
        #{barcode,jdbcType=VARCHAR},
      </if>
      <if test="image != null">
        #{image,jdbcType=VARCHAR},
      </if>
      <if test="price != null">
        #{price,jdbcType=DOUBLE},
      </if>
      <if test="goodsName != null">
        #{goodsName,jdbcType=VARCHAR},
      </if>
      <if test="goodsId != null">
        #{goodsId,jdbcType=VARCHAR},
      </if>
      <if test="isdelete != null">
        #{isdelete,jdbcType=TINYINT},
      </if>
    </trim>
  </insert>
  <select id="countByExample" parameterType="com.ycxy.wdgj.model.ProductExample" resultType="java.lang.Long">
    <!--
      WARNING - @mbg.generated
      This element is automatically generated by MyBatis Generator, do not modify.
      This element was generated on Thu Feb 22 15:11:18 CST 2018.
    -->
    select count(*) from product
    <if test="_parameter != null">
      <include refid="Example_Where_Clause" />
    </if>
  </select>
  <update id="updateByExampleSelective" parameterType="map">
    <!--
      WARNING - @mbg.generated
      This element is automatically generated by MyBatis Generator, do not modify.
      This element was generated on Thu Feb 22 15:11:18 CST 2018.
    -->
    update product
    <set>
      <if test="record.id != null">
        id = #{record.id,jdbcType=INTEGER},
      </if>
      <if test="record.weight != null">
        weight = #{record.weight,jdbcType=DOUBLE},
      </if>
      <if test="record.barcode != null">
        barcode = #{record.barcode,jdbcType=VARCHAR},
      </if>
      <if test="record.image != null">
        image = #{record.image,jdbcType=VARCHAR},
      </if>
      <if test="record.price != null">
        price = #{record.price,jdbcType=DOUBLE},
      </if>
      <if test="record.goodsName != null">
        goods_name = #{record.goodsName,jdbcType=VARCHAR},
      </if>
      <if test="record.goodsId != null">
        goods_id = #{record.goodsId,jdbcType=VARCHAR},
      </if>
      <if test="record.isdelete != null">
        isDelete = #{record.isdelete,jdbcType=TINYINT},
      </if>
    </set>
    <if test="_parameter != null">
      <include refid="Update_By_Example_Where_Clause" />
    </if>
  </update>
  <update id="updateByExample" parameterType="map">
    <!--
      WARNING - @mbg.generated
      This element is automatically generated by MyBatis Generator, do not modify.
      This element was generated on Thu Feb 22 15:11:18 CST 2018.
    -->
    update product
    set id = #{record.id,jdbcType=INTEGER},
      weight = #{record.weight,jdbcType=DOUBLE},
      barcode = #{record.barcode,jdbcType=VARCHAR},
      image = #{record.image,jdbcType=VARCHAR},
      price = #{record.price,jdbcType=DOUBLE},
      goods_name = #{record.goodsName,jdbcType=VARCHAR},
      goods_id = #{record.goodsId,jdbcType=VARCHAR},
      isDelete = #{record.isdelete,jdbcType=TINYINT}
    <if test="_parameter != null">
      <include refid="Update_By_Example_Where_Clause" />
    </if>
  </update>
  <update id="updateByPrimaryKeySelective" parameterType="com.ycxy.wdgj.model.Product">
    <!--
      WARNING - @mbg.generated
      This element is automatically generated by MyBatis Generator, do not modify.
      This element was generated on Thu Feb 22 15:11:18 CST 2018.
    -->
    update product
    <set>
      <if test="weight != null">
        weight = #{weight,jdbcType=DOUBLE},
      </if>
      <if test="barcode != null">
        barcode = #{barcode,jdbcType=VARCHAR},
      </if>
      <if test="image != null">
        image = #{image,jdbcType=VARCHAR},
      </if>
      <if test="price != null">
        price = #{price,jdbcType=DOUBLE},
      </if>
      <if test="goodsName != null">
        goods_name = #{goodsName,jdbcType=VARCHAR},
      </if>
      <if test="goodsId != null">
        goods_id = #{goodsId,jdbcType=VARCHAR},
      </if>
      <if test="isdelete != null">
        isDelete = #{isdelete,jdbcType=TINYINT},
      </if>
    </set>
    where id = #{id,jdbcType=INTEGER}
  </update>
  <update id="updateByPrimaryKey" parameterType="com.ycxy.wdgj.model.Product">
    <!--
      WARNING - @mbg.generated
      This element is automatically generated by MyBatis Generator, do not modify.
      This element was generated on Thu Feb 22 15:11:18 CST 2018.
    -->
    update product
    set weight = #{weight,jdbcType=DOUBLE},
      barcode = #{barcode,jdbcType=VARCHAR},
      image = #{image,jdbcType=VARCHAR},
      price = #{price,jdbcType=DOUBLE},
      goods_name = #{goodsName,jdbcType=VARCHAR},
      goods_id = #{goodsId,jdbcType=VARCHAR},
      isDelete = #{isdelete,jdbcType=TINYINT}
    where id = #{id,jdbcType=INTEGER}
  </update>
  
  <update id="updateIsDeleteByPrimaryKeyList">
    update product set isDelete=1 where id in
    <foreach collection="ids" open="(" close=")" separator="," item="item">
            ${item}
    </foreach> 
  </update>
</mapper>