<?xml version="1.0" encoding="UTF-8"?>
<!DOCTYPE mapper PUBLIC "-//mybatis.org//DTD Mapper 3.0//EN" "http://mybatis.org/dtd/mybatis-3-mapper.dtd">
<mapper namespace="com.ycxy.wdgj.dao.TradeGoodsMapper">
  <resultMap id="BaseResultMap" type="com.ycxy.wdgj.model.TradeGoods">
    <!--
      WARNING - @mbg.generated
      This element is automatically generated by MyBatis Generator, do not modify.
      This element was generated on Fri Feb 23 09:36:54 CST 2018.
    -->
    <id column="id" jdbcType="INTEGER" property="id" />
    <result column="buy_num" jdbcType="INTEGER" property="buyNum" />
    <result column="trade_id" jdbcType="BIGINT" property="tradeId" />
    <result column="sub_trade_id" jdbcType="BIGINT" property="subTradeId" />
    <result column="goods_id" jdbcType="VARCHAR" property="goodsId" />
    <result column="goods_no" jdbcType="VARCHAR" property="goodsNo" />
    <result column="goods_name" jdbcType="VARCHAR" property="goodsName" />
    <result column="spec_id" jdbcType="BIGINT" property="specId" />
    <result column="spec_name" jdbcType="VARCHAR" property="specName" />
    <result column="barcode" jdbcType="VARCHAR" property="barcode" />
    <result column="sell_count" jdbcType="INTEGER" property="sellCount" />
    <result column="unit" jdbcType="VARCHAR" property="unit" />
    <result column="sell_price" jdbcType="DECIMAL" property="sellPrice" />
    <result column="sell_total" jdbcType="DECIMAL" property="sellTotal" />
    <result column="tax_fee" jdbcType="DECIMAL" property="taxFee" />
    <result column="goods_memo" jdbcType="VARCHAR" property="goodsMemo" />
    <result column="is_fit" jdbcType="TINYINT" property="isFit" />
    <result column="is_gift" jdbcType="TINYINT" property="isGift" />
    <result column="sub_trade_status" jdbcType="TINYINT" property="subTradeStatus" />
    <result column="refund_status" jdbcType="TINYINT" property="refundStatus" />
    <result column="trade_goods_no" jdbcType="BIGINT" property="tradeGoodsNo" />
    <result column="trade_goods_name" jdbcType="VARCHAR" property="tradeGoodsName" />
    <result column="trade_goods_spec" jdbcType="VARCHAR" property="tradeGoodsSpec" />
    <result column="trade_goods_unit" jdbcType="VARCHAR" property="tradeGoodsUnit" />
    <result column="source_trade_no" jdbcType="BIGINT" property="sourceTradeNo" />
    <result column="source_subtrade_no" jdbcType="BIGINT" property="sourceSubtradeNo" />
    <result column="souce_trade_status" jdbcType="TINYINT" property="souceTradeStatus" />
    <result column="is_delete" jdbcType="TINYINT" property="isDelete" />
    <result column="gmt_create" jdbcType="TIMESTAMP" property="gmtCreate" />
    <result column="gmt_modified" jdbcType="TIMESTAMP" property="gmtModified" />
  </resultMap>
  <sql id="Example_Where_Clause">
    <!--
      WARNING - @mbg.generated
      This element is automatically generated by MyBatis Generator, do not modify.
      This element was generated on Fri Feb 23 09:36:54 CST 2018.
    -->
    <where>
      <foreach collection="oredCriteria" item="criteria" separator="or">
        <if test="criteria.valid">
          <trim prefix="(" prefixOverrides="and" suffix=")">
            <foreach collection="criteria.criteria" item="criterion">
              <choose>
                <when test="criterion.noValue">
                  and ${criterion.condition}
                </when>
                <when test="criterion.singleValue">
                  and ${criterion.condition} #{criterion.value}
                </when>
                <when test="criterion.betweenValue">
                  and ${criterion.condition} #{criterion.value} and #{criterion.secondValue}
                </when>
                <when test="criterion.listValue">
                  and ${criterion.condition}
                  <foreach close=")" collection="criterion.value" item="listItem" open="(" separator=",">
                    #{listItem}
                  </foreach>
                </when>
              </choose>
            </foreach>
          </trim>
        </if>
      </foreach>
    </where>
  </sql>
  <sql id="Update_By_Example_Where_Clause">
    <!--
      WARNING - @mbg.generated
      This element is automatically generated by MyBatis Generator, do not modify.
      This element was generated on Fri Feb 23 09:36:54 CST 2018.
    -->
    <where>
      <foreach collection="example.oredCriteria" item="criteria" separator="or">
        <if test="criteria.valid">
          <trim prefix="(" prefixOverrides="and" suffix=")">
            <foreach collection="criteria.criteria" item="criterion">
              <choose>
                <when test="criterion.noValue">
                  and ${criterion.condition}
                </when>
                <when test="criterion.singleValue">
                  and ${criterion.condition} #{criterion.value}
                </when>
                <when test="criterion.betweenValue">
                  and ${criterion.condition} #{criterion.value} and #{criterion.secondValue}
                </when>
                <when test="criterion.listValue">
                  and ${criterion.condition}
                  <foreach close=")" collection="criterion.value" item="listItem" open="(" separator=",">
                    #{listItem}
                  </foreach>
                </when>
              </choose>
            </foreach>
          </trim>
        </if>
      </foreach>
    </where>
  </sql>
  <sql id="Base_Column_List">
    <!--
      WARNING - @mbg.generated
      This element is automatically generated by MyBatis Generator, do not modify.
      This element was generated on Fri Feb 23 09:36:54 CST 2018.
    -->
    id, buy_num, trade_id, sub_trade_id, goods_id, goods_no, goods_name, spec_id, spec_name, 
    barcode, sell_count, unit, sell_price, sell_total, tax_fee, goods_memo, is_fit, is_gift, 
    sub_trade_status, refund_status, trade_goods_no, trade_goods_name, trade_goods_spec, 
    trade_goods_unit, source_trade_no, source_subtrade_no, souce_trade_status, is_delete, 
    gmt_create, gmt_modified
  </sql>
  <select id="selectByExample" parameterType="com.ycxy.wdgj.model.TradeGoodsExample" resultMap="BaseResultMap">
    <!--
      WARNING - @mbg.generated
      This element is automatically generated by MyBatis Generator, do not modify.
      This element was generated on Fri Feb 23 09:36:54 CST 2018.
    -->
    select
    <if test="distinct">
      distinct
    </if>
    <include refid="Base_Column_List" />
    from trade_goods
    <if test="_parameter != null">
      <include refid="Example_Where_Clause" />
    </if>
    <if test="orderByClause != null">
      order by ${orderByClause}
    </if>
  </select>
  <select id="selectByPrimaryKey" parameterType="java.lang.Integer" resultMap="BaseResultMap">
    <!--
      WARNING - @mbg.generated
      This element is automatically generated by MyBatis Generator, do not modify.
      This element was generated on Fri Feb 23 09:36:54 CST 2018.
    -->
    select 
    <include refid="Base_Column_List" />
    from trade_goods
    where id = #{id,jdbcType=INTEGER}
  </select>
  <delete id="deleteByPrimaryKey" parameterType="java.lang.Integer">
    <!--
      WARNING - @mbg.generated
      This element is automatically generated by MyBatis Generator, do not modify.
      This element was generated on Fri Feb 23 09:36:54 CST 2018.
    -->
    delete from trade_goods
    where id = #{id,jdbcType=INTEGER}
  </delete>
  <delete id="deleteByExample" parameterType="com.ycxy.wdgj.model.TradeGoodsExample">
    <!--
      WARNING - @mbg.generated
      This element is automatically generated by MyBatis Generator, do not modify.
      This element was generated on Fri Feb 23 09:36:54 CST 2018.
    -->
    delete from trade_goods
    <if test="_parameter != null">
      <include refid="Example_Where_Clause" />
    </if>
  </delete>
  <insert id="insert" parameterType="com.ycxy.wdgj.model.TradeGoods">
    <!--
      WARNING - @mbg.generated
      This element is automatically generated by MyBatis Generator, do not modify.
      This element was generated on Fri Feb 23 09:36:54 CST 2018.
    -->
    insert into trade_goods (id, buy_num, trade_id, 
      sub_trade_id, goods_id, goods_no, 
      goods_name, spec_id, spec_name, 
      barcode, sell_count, unit, 
      sell_price, sell_total, tax_fee, 
      goods_memo, is_fit, is_gift, 
      sub_trade_status, refund_status, trade_goods_no, 
      trade_goods_name, trade_goods_spec, trade_goods_unit, 
      source_trade_no, source_subtrade_no, souce_trade_status, 
      is_delete, gmt_create, gmt_modified
      )
    values (#{id,jdbcType=INTEGER}, #{buyNum,jdbcType=INTEGER}, #{tradeId,jdbcType=BIGINT}, 
      #{subTradeId,jdbcType=BIGINT}, #{goodsId,jdbcType=VARCHAR}, #{goodsNo,jdbcType=VARCHAR}, 
      #{goodsName,jdbcType=VARCHAR}, #{specId,jdbcType=BIGINT}, #{specName,jdbcType=VARCHAR}, 
      #{barcode,jdbcType=VARCHAR}, #{sellCount,jdbcType=INTEGER}, #{unit,jdbcType=VARCHAR}, 
      #{sellPrice,jdbcType=DECIMAL}, #{sellTotal,jdbcType=DECIMAL}, #{taxFee,jdbcType=DECIMAL}, 
      #{goodsMemo,jdbcType=VARCHAR}, #{isFit,jdbcType=TINYINT}, #{isGift,jdbcType=TINYINT}, 
      #{subTradeStatus,jdbcType=TINYINT}, #{refundStatus,jdbcType=TINYINT}, #{tradeGoodsNo,jdbcType=BIGINT}, 
      #{tradeGoodsName,jdbcType=VARCHAR}, #{tradeGoodsSpec,jdbcType=VARCHAR}, #{tradeGoodsUnit,jdbcType=VARCHAR}, 
      #{sourceTradeNo,jdbcType=BIGINT}, #{sourceSubtradeNo,jdbcType=BIGINT}, #{souceTradeStatus,jdbcType=TINYINT}, 
      #{isDelete,jdbcType=TINYINT}, #{gmtCreate,jdbcType=TIMESTAMP}, #{gmtModified,jdbcType=TIMESTAMP}
      )
  </insert>
  <insert id="insertSelective" parameterType="com.ycxy.wdgj.model.TradeGoods">
    <!--
      WARNING - @mbg.generated
      This element is automatically generated by MyBatis Generator, do not modify.
      This element was generated on Fri Feb 23 09:36:54 CST 2018.
    -->
    insert into trade_goods
    <trim prefix="(" suffix=")" suffixOverrides=",">
      <if test="id != null">
        id,
      </if>
      <if test="buyNum != null">
        buy_num,
      </if>
      <if test="tradeId != null">
        trade_id,
      </if>
      <if test="subTradeId != null">
        sub_trade_id,
      </if>
      <if test="goodsId != null">
        goods_id,
      </if>
      <if test="goodsNo != null">
        goods_no,
      </if>
      <if test="goodsName != null">
        goods_name,
      </if>
      <if test="specId != null">
        spec_id,
      </if>
      <if test="specName != null">
        spec_name,
      </if>
      <if test="barcode != null">
        barcode,
      </if>
      <if test="sellCount != null">
        sell_count,
      </if>
      <if test="unit != null">
        unit,
      </if>
      <if test="sellPrice != null">
        sell_price,
      </if>
      <if test="sellTotal != null">
        sell_total,
      </if>
      <if test="taxFee != null">
        tax_fee,
      </if>
      <if test="goodsMemo != null">
        goods_memo,
      </if>
      <if test="isFit != null">
        is_fit,
      </if>
      <if test="isGift != null">
        is_gift,
      </if>
      <if test="subTradeStatus != null">
        sub_trade_status,
      </if>
      <if test="refundStatus != null">
        refund_status,
      </if>
      <if test="tradeGoodsNo != null">
        trade_goods_no,
      </if>
      <if test="tradeGoodsName != null">
        trade_goods_name,
      </if>
      <if test="tradeGoodsSpec != null">
        trade_goods_spec,
      </if>
      <if test="tradeGoodsUnit != null">
        trade_goods_unit,
      </if>
      <if test="sourceTradeNo != null">
        source_trade_no,
      </if>
      <if test="sourceSubtradeNo != null">
        source_subtrade_no,
      </if>
      <if test="souceTradeStatus != null">
        souce_trade_status,
      </if>
      <if test="isDelete != null">
        is_delete,
      </if>
      <if test="gmtCreate != null">
        gmt_create,
      </if>
      <if test="gmtModified != null">
        gmt_modified,
      </if>
    </trim>
    <trim prefix="values (" suffix=")" suffixOverrides=",">
      <if test="id != null">
        #{id,jdbcType=INTEGER},
      </if>
      <if test="buyNum != null">
        #{buyNum,jdbcType=INTEGER},
      </if>
      <if test="tradeId != null">
        #{tradeId,jdbcType=BIGINT},
      </if>
      <if test="subTradeId != null">
        #{subTradeId,jdbcType=BIGINT},
      </if>
      <if test="goodsId != null">
        #{goodsId,jdbcType=VARCHAR},
      </if>
      <if test="goodsNo != null">
        #{goodsNo,jdbcType=VARCHAR},
      </if>
      <if test="goodsName != null">
        #{goodsName,jdbcType=VARCHAR},
      </if>
      <if test="specId != null">
        #{specId,jdbcType=BIGINT},
      </if>
      <if test="specName != null">
        #{specName,jdbcType=VARCHAR},
      </if>
      <if test="barcode != null">
        #{barcode,jdbcType=VARCHAR},
      </if>
      <if test="sellCount != null">
        #{sellCount,jdbcType=INTEGER},
      </if>
      <if test="unit != null">
        #{unit,jdbcType=VARCHAR},
      </if>
      <if test="sellPrice != null">
        #{sellPrice,jdbcType=DECIMAL},
      </if>
      <if test="sellTotal != null">
        #{sellTotal,jdbcType=DECIMAL},
      </if>
      <if test="taxFee != null">
        #{taxFee,jdbcType=DECIMAL},
      </if>
      <if test="goodsMemo != null">
        #{goodsMemo,jdbcType=VARCHAR},
      </if>
      <if test="isFit != null">
        #{isFit,jdbcType=TINYINT},
      </if>
      <if test="isGift != null">
        #{isGift,jdbcType=TINYINT},
      </if>
      <if test="subTradeStatus != null">
        #{subTradeStatus,jdbcType=TINYINT},
      </if>
      <if test="refundStatus != null">
        #{refundStatus,jdbcType=TINYINT},
      </if>
      <if test="tradeGoodsNo != null">
        #{tradeGoodsNo,jdbcType=BIGINT},
      </if>
      <if test="tradeGoodsName != null">
        #{tradeGoodsName,jdbcType=VARCHAR},
      </if>
      <if test="tradeGoodsSpec != null">
        #{tradeGoodsSpec,jdbcType=VARCHAR},
      </if>
      <if test="tradeGoodsUnit != null">
        #{tradeGoodsUnit,jdbcType=VARCHAR},
      </if>
      <if test="sourceTradeNo != null">
        #{sourceTradeNo,jdbcType=BIGINT},
      </if>
      <if test="sourceSubtradeNo != null">
        #{sourceSubtradeNo,jdbcType=BIGINT},
      </if>
      <if test="souceTradeStatus != null">
        #{souceTradeStatus,jdbcType=TINYINT},
      </if>
      <if test="isDelete != null">
        #{isDelete,jdbcType=TINYINT},
      </if>
      <if test="gmtCreate != null">
        #{gmtCreate,jdbcType=TIMESTAMP},
      </if>
      <if test="gmtModified != null">
        #{gmtModified,jdbcType=TIMESTAMP},
      </if>
    </trim>
  </insert>
  <select id="countByExample" parameterType="com.ycxy.wdgj.model.TradeGoodsExample" resultType="java.lang.Long">
    <!--
      WARNING - @mbg.generated
      This element is automatically generated by MyBatis Generator, do not modify.
      This element was generated on Fri Feb 23 09:36:54 CST 2018.
    -->
    select count(*) from trade_goods
    <if test="_parameter != null">
      <include refid="Example_Where_Clause" />
    </if>
  </select>
  <update id="updateByExampleSelective" parameterType="map">
    <!--
      WARNING - @mbg.generated
      This element is automatically generated by MyBatis Generator, do not modify.
      This element was generated on Fri Feb 23 09:36:54 CST 2018.
    -->
    update trade_goods
    <set>
      <if test="record.id != null">
        id = #{record.id,jdbcType=INTEGER},
      </if>
      <if test="record.buyNum != null">
        buy_num = #{record.buyNum,jdbcType=INTEGER},
      </if>
      <if test="record.tradeId != null">
        trade_id = #{record.tradeId,jdbcType=BIGINT},
      </if>
      <if test="record.subTradeId != null">
        sub_trade_id = #{record.subTradeId,jdbcType=BIGINT},
      </if>
      <if test="record.goodsId != null">
        goods_id = #{record.goodsId,jdbcType=VARCHAR},
      </if>
      <if test="record.goodsNo != null">
        goods_no = #{record.goodsNo,jdbcType=VARCHAR},
      </if>
      <if test="record.goodsName != null">
        goods_name = #{record.goodsName,jdbcType=VARCHAR},
      </if>
      <if test="record.specId != null">
        spec_id = #{record.specId,jdbcType=BIGINT},
      </if>
      <if test="record.specName != null">
        spec_name = #{record.specName,jdbcType=VARCHAR},
      </if>
      <if test="record.barcode != null">
        barcode = #{record.barcode,jdbcType=VARCHAR},
      </if>
      <if test="record.sellCount != null">
        sell_count = #{record.sellCount,jdbcType=INTEGER},
      </if>
      <if test="record.unit != null">
        unit = #{record.unit,jdbcType=VARCHAR},
      </if>
      <if test="record.sellPrice != null">
        sell_price = #{record.sellPrice,jdbcType=DECIMAL},
      </if>
      <if test="record.sellTotal != null">
        sell_total = #{record.sellTotal,jdbcType=DECIMAL},
      </if>
      <if test="record.taxFee != null">
        tax_fee = #{record.taxFee,jdbcType=DECIMAL},
      </if>
      <if test="record.goodsMemo != null">
        goods_memo = #{record.goodsMemo,jdbcType=VARCHAR},
      </if>
      <if test="record.isFit != null">
        is_fit = #{record.isFit,jdbcType=TINYINT},
      </if>
      <if test="record.isGift != null">
        is_gift = #{record.isGift,jdbcType=TINYINT},
      </if>
      <if test="record.subTradeStatus != null">
        sub_trade_status = #{record.subTradeStatus,jdbcType=TINYINT},
      </if>
      <if test="record.refundStatus != null">
        refund_status = #{record.refundStatus,jdbcType=TINYINT},
      </if>
      <if test="record.tradeGoodsNo != null">
        trade_goods_no = #{record.tradeGoodsNo,jdbcType=BIGINT},
      </if>
      <if test="record.tradeGoodsName != null">
        trade_goods_name = #{record.tradeGoodsName,jdbcType=VARCHAR},
      </if>
      <if test="record.tradeGoodsSpec != null">
        trade_goods_spec = #{record.tradeGoodsSpec,jdbcType=VARCHAR},
      </if>
      <if test="record.tradeGoodsUnit != null">
        trade_goods_unit = #{record.tradeGoodsUnit,jdbcType=VARCHAR},
      </if>
      <if test="record.sourceTradeNo != null">
        source_trade_no = #{record.sourceTradeNo,jdbcType=BIGINT},
      </if>
      <if test="record.sourceSubtradeNo != null">
        source_subtrade_no = #{record.sourceSubtradeNo,jdbcType=BIGINT},
      </if>
      <if test="record.souceTradeStatus != null">
        souce_trade_status = #{record.souceTradeStatus,jdbcType=TINYINT},
      </if>
      <if test="record.isDelete != null">
        is_delete = #{record.isDelete,jdbcType=TINYINT},
      </if>
      <if test="record.gmtCreate != null">
        gmt_create = #{record.gmtCreate,jdbcType=TIMESTAMP},
      </if>
      <if test="record.gmtModified != null">
        gmt_modified = #{record.gmtModified,jdbcType=TIMESTAMP},
      </if>
    </set>
    <if test="_parameter != null">
      <include refid="Update_By_Example_Where_Clause" />
    </if>
  </update>
  <update id="updateByExample" parameterType="map">
    <!--
      WARNING - @mbg.generated
      This element is automatically generated by MyBatis Generator, do not modify.
      This element was generated on Fri Feb 23 09:36:54 CST 2018.
    -->
    update trade_goods
    set id = #{record.id,jdbcType=INTEGER},
      buy_num = #{record.buyNum,jdbcType=INTEGER},
      trade_id = #{record.tradeId,jdbcType=BIGINT},
      sub_trade_id = #{record.subTradeId,jdbcType=BIGINT},
      goods_id = #{record.goodsId,jdbcType=VARCHAR},
      goods_no = #{record.goodsNo,jdbcType=VARCHAR},
      goods_name = #{record.goodsName,jdbcType=VARCHAR},
      spec_id = #{record.specId,jdbcType=BIGINT},
      spec_name = #{record.specName,jdbcType=VARCHAR},
      barcode = #{record.barcode,jdbcType=VARCHAR},
      sell_count = #{record.sellCount,jdbcType=INTEGER},
      unit = #{record.unit,jdbcType=VARCHAR},
      sell_price = #{record.sellPrice,jdbcType=DECIMAL},
      sell_total = #{record.sellTotal,jdbcType=DECIMAL},
      tax_fee = #{record.taxFee,jdbcType=DECIMAL},
      goods_memo = #{record.goodsMemo,jdbcType=VARCHAR},
      is_fit = #{record.isFit,jdbcType=TINYINT},
      is_gift = #{record.isGift,jdbcType=TINYINT},
      sub_trade_status = #{record.subTradeStatus,jdbcType=TINYINT},
      refund_status = #{record.refundStatus,jdbcType=TINYINT},
      trade_goods_no = #{record.tradeGoodsNo,jdbcType=BIGINT},
      trade_goods_name = #{record.tradeGoodsName,jdbcType=VARCHAR},
      trade_goods_spec = #{record.tradeGoodsSpec,jdbcType=VARCHAR},
      trade_goods_unit = #{record.tradeGoodsUnit,jdbcType=VARCHAR},
      source_trade_no = #{record.sourceTradeNo,jdbcType=BIGINT},
      source_subtrade_no = #{record.sourceSubtradeNo,jdbcType=BIGINT},
      souce_trade_status = #{record.souceTradeStatus,jdbcType=TINYINT},
      is_delete = #{record.isDelete,jdbcType=TINYINT},
      gmt_create = #{record.gmtCreate,jdbcType=TIMESTAMP},
      gmt_modified = #{record.gmtModified,jdbcType=TIMESTAMP}
    <if test="_parameter != null">
      <include refid="Update_By_Example_Where_Clause" />
    </if>
  </update>
  <update id="updateByPrimaryKeySelective" parameterType="com.ycxy.wdgj.model.TradeGoods">
    <!--
      WARNING - @mbg.generated
      This element is automatically generated by MyBatis Generator, do not modify.
      This element was generated on Fri Feb 23 09:36:54 CST 2018.
    -->
    update trade_goods
    <set>
      <if test="buyNum != null">
        buy_num = #{buyNum,jdbcType=INTEGER},
      </if>
      <if test="tradeId != null">
        trade_id = #{tradeId,jdbcType=BIGINT},
      </if>
      <if test="subTradeId != null">
        sub_trade_id = #{subTradeId,jdbcType=BIGINT},
      </if>
      <if test="goodsId != null">
        goods_id = #{goodsId,jdbcType=VARCHAR},
      </if>
      <if test="goodsNo != null">
        goods_no = #{goodsNo,jdbcType=VARCHAR},
      </if>
      <if test="goodsName != null">
        goods_name = #{goodsName,jdbcType=VARCHAR},
      </if>
      <if test="specId != null">
        spec_id = #{specId,jdbcType=BIGINT},
      </if>
      <if test="specName != null">
        spec_name = #{specName,jdbcType=VARCHAR},
      </if>
      <if test="barcode != null">
        barcode = #{barcode,jdbcType=VARCHAR},
      </if>
      <if test="sellCount != null">
        sell_count = #{sellCount,jdbcType=INTEGER},
      </if>
      <if test="unit != null">
        unit = #{unit,jdbcType=VARCHAR},
      </if>
      <if test="sellPrice != null">
        sell_price = #{sellPrice,jdbcType=DECIMAL},
      </if>
      <if test="sellTotal != null">
        sell_total = #{sellTotal,jdbcType=DECIMAL},
      </if>
      <if test="taxFee != null">
        tax_fee = #{taxFee,jdbcType=DECIMAL},
      </if>
      <if test="goodsMemo != null">
        goods_memo = #{goodsMemo,jdbcType=VARCHAR},
      </if>
      <if test="isFit != null">
        is_fit = #{isFit,jdbcType=TINYINT},
      </if>
      <if test="isGift != null">
        is_gift = #{isGift,jdbcType=TINYINT},
      </if>
      <if test="subTradeStatus != null">
        sub_trade_status = #{subTradeStatus,jdbcType=TINYINT},
      </if>
      <if test="refundStatus != null">
        refund_status = #{refundStatus,jdbcType=TINYINT},
      </if>
      <if test="tradeGoodsNo != null">
        trade_goods_no = #{tradeGoodsNo,jdbcType=BIGINT},
      </if>
      <if test="tradeGoodsName != null">
        trade_goods_name = #{tradeGoodsName,jdbcType=VARCHAR},
      </if>
      <if test="tradeGoodsSpec != null">
        trade_goods_spec = #{tradeGoodsSpec,jdbcType=VARCHAR},
      </if>
      <if test="tradeGoodsUnit != null">
        trade_goods_unit = #{tradeGoodsUnit,jdbcType=VARCHAR},
      </if>
      <if test="sourceTradeNo != null">
        source_trade_no = #{sourceTradeNo,jdbcType=BIGINT},
      </if>
      <if test="sourceSubtradeNo != null">
        source_subtrade_no = #{sourceSubtradeNo,jdbcType=BIGINT},
      </if>
      <if test="souceTradeStatus != null">
        souce_trade_status = #{souceTradeStatus,jdbcType=TINYINT},
      </if>
      <if test="isDelete != null">
        is_delete = #{isDelete,jdbcType=TINYINT},
      </if>
      <if test="gmtCreate != null">
        gmt_create = #{gmtCreate,jdbcType=TIMESTAMP},
      </if>
      <if test="gmtModified != null">
        gmt_modified = #{gmtModified,jdbcType=TIMESTAMP},
      </if>
    </set>
    where id = #{id,jdbcType=INTEGER}
  </update>
  <update id="updateByPrimaryKey" parameterType="com.ycxy.wdgj.model.TradeGoods">
    <!--
      WARNING - @mbg.generated
      This element is automatically generated by MyBatis Generator, do not modify.
      This element was generated on Fri Feb 23 09:36:54 CST 2018.
    -->
    update trade_goods
    set buy_num = #{buyNum,jdbcType=INTEGER},
      trade_id = #{tradeId,jdbcType=BIGINT},
      sub_trade_id = #{subTradeId,jdbcType=BIGINT},
      goods_id = #{goodsId,jdbcType=VARCHAR},
      goods_no = #{goodsNo,jdbcType=VARCHAR},
      goods_name = #{goodsName,jdbcType=VARCHAR},
      spec_id = #{specId,jdbcType=BIGINT},
      spec_name = #{specName,jdbcType=VARCHAR},
      barcode = #{barcode,jdbcType=VARCHAR},
      sell_count = #{sellCount,jdbcType=INTEGER},
      unit = #{unit,jdbcType=VARCHAR},
      sell_price = #{sellPrice,jdbcType=DECIMAL},
      sell_total = #{sellTotal,jdbcType=DECIMAL},
      tax_fee = #{taxFee,jdbcType=DECIMAL},
      goods_memo = #{goodsMemo,jdbcType=VARCHAR},
      is_fit = #{isFit,jdbcType=TINYINT},
      is_gift = #{isGift,jdbcType=TINYINT},
      sub_trade_status = #{subTradeStatus,jdbcType=TINYINT},
      refund_status = #{refundStatus,jdbcType=TINYINT},
      trade_goods_no = #{tradeGoodsNo,jdbcType=BIGINT},
      trade_goods_name = #{tradeGoodsName,jdbcType=VARCHAR},
      trade_goods_spec = #{tradeGoodsSpec,jdbcType=VARCHAR},
      trade_goods_unit = #{tradeGoodsUnit,jdbcType=VARCHAR},
      source_trade_no = #{sourceTradeNo,jdbcType=BIGINT},
      source_subtrade_no = #{sourceSubtradeNo,jdbcType=BIGINT},
      souce_trade_status = #{souceTradeStatus,jdbcType=TINYINT},
      is_delete = #{isDelete,jdbcType=TINYINT},
      gmt_create = #{gmtCreate,jdbcType=TIMESTAMP},
      gmt_modified = #{gmtModified,jdbcType=TIMESTAMP}
    where id = #{id,jdbcType=INTEGER}
  </update>
</mapper>