<?xml version="1.0" encoding="UTF-8"?>
<!DOCTYPE mapper PUBLIC "-//mybatis.org//DTD Mapper 3.0//EN" "http://mybatis.org/dtd/mybatis-3-mapper.dtd">
<mapper namespace="com.ycxy.wdgj.dao.TradeOrderMapper">
  <resultMap id="BaseResultMap" type="com.ycxy.wdgj.model.TradeOrder">
    <!--
      WARNING - @mbg.generated
      This element is automatically generated by MyBatis Generator, do not modify.
      This element was generated on Fri Feb 23 09:36:54 CST 2018.
    -->
    <id column="id" jdbcType="INTEGER" property="id" />
    <result column="logisticsName" jdbcType="VARCHAR" property="logisticsname" />
    <result column="logisticsId" jdbcType="VARCHAR" property="logisticsid" />
    <result column="trade_id" jdbcType="BIGINT" property="tradeId" />
    <result column="trade_no" jdbcType="BIGINT" property="tradeNo" />
    <result column="source_trade_id" jdbcType="BIGINT" property="sourceTradeId" />
    <result column="source_trade_no" jdbcType="BIGINT" property="sourceTradeNo" />
    <result column="shop_id" jdbcType="BIGINT" property="shopId" />
    <result column="shop_name" jdbcType="VARCHAR" property="shopName" />
    <result column="seller" jdbcType="VARCHAR" property="seller" />
    <result column="trade_type" jdbcType="TINYINT" property="tradeType" />
    <result column="total_money" jdbcType="DECIMAL" property="totalMoney" />
    <result column="seller_memo" jdbcType="VARCHAR" property="sellerMemo" />
    <result column="buyer_memo" jdbcType="VARCHAR" property="buyerMemo" />
    <result column="append_memo" jdbcType="VARCHAR" property="appendMemo" />
    <result column="payment" jdbcType="DECIMAL" property="payment" />
    <result column="tax_fee" jdbcType="DECIMAL" property="taxFee" />
    <result column="post_fee" jdbcType="DECIMAL" property="postFee" />
    <result column="register" jdbcType="VARCHAR" property="register" />
    <result column="auditor" jdbcType="VARCHAR" property="auditor" />
    <result column="reviewer" jdbcType="VARCHAR" property="reviewer" />
    <result column="is_delete" jdbcType="TINYINT" property="isDelete" />
    <result column="gmt_create" jdbcType="TIMESTAMP" property="gmtCreate" />
    <result column="gmt_modified" jdbcType="TIMESTAMP" property="gmtModified" />
    <result column="trade_status" jdbcType="TINYINT" property="tradeStatus" />
    <result column="user_id" jdbcType="INTEGER" property="userId" />
  </resultMap>
  <sql id="Example_Where_Clause">
    <!--
      WARNING - @mbg.generated
      This element is automatically generated by MyBatis Generator, do not modify.
      This element was generated on Fri Feb 23 09:36:54 CST 2018.
    -->
    <where>
      <foreach collection="oredCriteria" item="criteria" separator="or">
        <if test="criteria.valid">
          <trim prefix="(" prefixOverrides="and" suffix=")">
            <foreach collection="criteria.criteria" item="criterion">
              <choose>
                <when test="criterion.noValue">
                  and ${criterion.condition}
                </when>
                <when test="criterion.singleValue">
                  and ${criterion.condition} #{criterion.value}
                </when>
                <when test="criterion.betweenValue">
                  and ${criterion.condition} #{criterion.value} and #{criterion.secondValue}
                </when>
                <when test="criterion.listValue">
                  and ${criterion.condition}
                  <foreach close=")" collection="criterion.value" item="listItem" open="(" separator=",">
                    #{listItem}
                  </foreach>
                </when>
              </choose>
            </foreach>
          </trim>
        </if>
      </foreach>
    </where>
  </sql>
  <sql id="Update_By_Example_Where_Clause">
    <!--
      WARNING - @mbg.generated
      This element is automatically generated by MyBatis Generator, do not modify.
      This element was generated on Fri Feb 23 09:36:54 CST 2018.
    -->
    <where>
      <foreach collection="example.oredCriteria" item="criteria" separator="or">
        <if test="criteria.valid">
          <trim prefix="(" prefixOverrides="and" suffix=")">
            <foreach collection="criteria.criteria" item="criterion">
              <choose>
                <when test="criterion.noValue">
                  and ${criterion.condition}
                </when>
                <when test="criterion.singleValue">
                  and ${criterion.condition} #{criterion.value}
                </when>
                <when test="criterion.betweenValue">
                  and ${criterion.condition} #{criterion.value} and #{criterion.secondValue}
                </when>
                <when test="criterion.listValue">
                  and ${criterion.condition}
                  <foreach close=")" collection="criterion.value" item="listItem" open="(" separator=",">
                    #{listItem}
                  </foreach>
                </when>
              </choose>
            </foreach>
          </trim>
        </if>
      </foreach>
    </where>
  </sql>
  <sql id="Base_Column_List">
    <!--
      WARNING - @mbg.generated
      This element is automatically generated by MyBatis Generator, do not modify.
      This element was generated on Fri Feb 23 09:36:54 CST 2018.
    -->
    id, logisticsName, logisticsId, trade_id, trade_no, source_trade_id, source_trade_no, 
    shop_id, shop_name, seller, trade_type, total_money, seller_memo, buyer_memo, append_memo, 
    payment, tax_fee, post_fee, register, auditor, reviewer, is_delete, gmt_create, gmt_modified, 
    trade_status, user_id
  </sql>
  <select id="selectByExample" parameterType="com.ycxy.wdgj.model.TradeOrderExample" resultMap="BaseResultMap">
    <!--
      WARNING - @mbg.generated
      This element is automatically generated by MyBatis Generator, do not modify.
      This element was generated on Fri Feb 23 09:36:54 CST 2018.
    -->
    select
    <if test="distinct">
      distinct
    </if>
    <include refid="Base_Column_List" />
    from trade_order
    <if test="_parameter != null">
      <include refid="Example_Where_Clause" />
    </if>
    <if test="orderByClause != null">
      order by ${orderByClause}
    </if>
  </select>
  <select id="selectByPrimaryKey" parameterType="java.lang.Integer" resultMap="BaseResultMap">
    <!--
      WARNING - @mbg.generated
      This element is automatically generated by MyBatis Generator, do not modify.
      This element was generated on Fri Feb 23 09:36:54 CST 2018.
    -->
    select 
    <include refid="Base_Column_List" />
    from trade_order
    where id = #{id,jdbcType=INTEGER}
  </select>
  <delete id="deleteByPrimaryKey" parameterType="java.lang.Integer">
    <!--
      WARNING - @mbg.generated
      This element is automatically generated by MyBatis Generator, do not modify.
      This element was generated on Fri Feb 23 09:36:54 CST 2018.
    -->
    delete from trade_order
    where id = #{id,jdbcType=INTEGER}
  </delete>
  <delete id="deleteByExample" parameterType="com.ycxy.wdgj.model.TradeOrderExample">
    <!--
      WARNING - @mbg.generated
      This element is automatically generated by MyBatis Generator, do not modify.
      This element was generated on Fri Feb 23 09:36:54 CST 2018.
    -->
    delete from trade_order
    <if test="_parameter != null">
      <include refid="Example_Where_Clause" />
    </if>
  </delete>
  <insert id="insert" parameterType="com.ycxy.wdgj.model.TradeOrder">
    <!--
      WARNING - @mbg.generated
      This element is automatically generated by MyBatis Generator, do not modify.
      This element was generated on Fri Feb 23 09:36:54 CST 2018.
    -->
    insert into trade_order (id, logisticsName, logisticsId, 
      trade_id, trade_no, source_trade_id, 
      source_trade_no, shop_id, shop_name, 
      seller, trade_type, total_money, 
      seller_memo, buyer_memo, append_memo, 
      payment, tax_fee, post_fee, 
      register, auditor, reviewer, 
      is_delete, gmt_create, gmt_modified, 
      trade_status, user_id)
    values (#{id,jdbcType=INTEGER}, #{logisticsname,jdbcType=VARCHAR}, #{logisticsid,jdbcType=VARCHAR}, 
      #{tradeId,jdbcType=BIGINT}, #{tradeNo,jdbcType=BIGINT}, #{sourceTradeId,jdbcType=BIGINT}, 
      #{sourceTradeNo,jdbcType=BIGINT}, #{shopId,jdbcType=BIGINT}, #{shopName,jdbcType=VARCHAR}, 
      #{seller,jdbcType=VARCHAR}, #{tradeType,jdbcType=TINYINT}, #{totalMoney,jdbcType=DECIMAL}, 
      #{sellerMemo,jdbcType=VARCHAR}, #{buyerMemo,jdbcType=VARCHAR}, #{appendMemo,jdbcType=VARCHAR}, 
      #{payment,jdbcType=DECIMAL}, #{taxFee,jdbcType=DECIMAL}, #{postFee,jdbcType=DECIMAL}, 
      #{register,jdbcType=VARCHAR}, #{auditor,jdbcType=VARCHAR}, #{reviewer,jdbcType=VARCHAR}, 
      #{isDelete,jdbcType=TINYINT}, #{gmtCreate,jdbcType=TIMESTAMP}, #{gmtModified,jdbcType=TIMESTAMP}, 
      #{tradeStatus,jdbcType=TINYINT}, #{userId,jdbcType=INTEGER})
  </insert>
  <insert id="insertSelective" parameterType="com.ycxy.wdgj.model.TradeOrder">
    <!--
      WARNING - @mbg.generated
      This element is automatically generated by MyBatis Generator, do not modify.
      This element was generated on Fri Feb 23 09:36:54 CST 2018.
    -->
    insert into trade_order
    <trim prefix="(" suffix=")" suffixOverrides=",">
      <if test="id != null">
        id,
      </if>
      <if test="logisticsname != null">
        logisticsName,
      </if>
      <if test="logisticsid != null">
        logisticsId,
      </if>
      <if test="tradeId != null">
        trade_id,
      </if>
      <if test="tradeNo != null">
        trade_no,
      </if>
      <if test="sourceTradeId != null">
        source_trade_id,
      </if>
      <if test="sourceTradeNo != null">
        source_trade_no,
      </if>
      <if test="shopId != null">
        shop_id,
      </if>
      <if test="shopName != null">
        shop_name,
      </if>
      <if test="seller != null">
        seller,
      </if>
      <if test="tradeType != null">
        trade_type,
      </if>
      <if test="totalMoney != null">
        total_money,
      </if>
      <if test="sellerMemo != null">
        seller_memo,
      </if>
      <if test="buyerMemo != null">
        buyer_memo,
      </if>
      <if test="appendMemo != null">
        append_memo,
      </if>
      <if test="payment != null">
        payment,
      </if>
      <if test="taxFee != null">
        tax_fee,
      </if>
      <if test="postFee != null">
        post_fee,
      </if>
      <if test="register != null">
        register,
      </if>
      <if test="auditor != null">
        auditor,
      </if>
      <if test="reviewer != null">
        reviewer,
      </if>
      <if test="isDelete != null">
        is_delete,
      </if>
      <if test="gmtCreate != null">
        gmt_create,
      </if>
      <if test="gmtModified != null">
        gmt_modified,
      </if>
      <if test="tradeStatus != null">
        trade_status,
      </if>
      <if test="userId != null">
        user_id,
      </if>
    </trim>
    <trim prefix="values (" suffix=")" suffixOverrides=",">
      <if test="id != null">
        #{id,jdbcType=INTEGER},
      </if>
      <if test="logisticsname != null">
        #{logisticsname,jdbcType=VARCHAR},
      </if>
      <if test="logisticsid != null">
        #{logisticsid,jdbcType=VARCHAR},
      </if>
      <if test="tradeId != null">
        #{tradeId,jdbcType=BIGINT},
      </if>
      <if test="tradeNo != null">
        #{tradeNo,jdbcType=BIGINT},
      </if>
      <if test="sourceTradeId != null">
        #{sourceTradeId,jdbcType=BIGINT},
      </if>
      <if test="sourceTradeNo != null">
        #{sourceTradeNo,jdbcType=BIGINT},
      </if>
      <if test="shopId != null">
        #{shopId,jdbcType=BIGINT},
      </if>
      <if test="shopName != null">
        #{shopName,jdbcType=VARCHAR},
      </if>
      <if test="seller != null">
        #{seller,jdbcType=VARCHAR},
      </if>
      <if test="tradeType != null">
        #{tradeType,jdbcType=TINYINT},
      </if>
      <if test="totalMoney != null">
        #{totalMoney,jdbcType=DECIMAL},
      </if>
      <if test="sellerMemo != null">
        #{sellerMemo,jdbcType=VARCHAR},
      </if>
      <if test="buyerMemo != null">
        #{buyerMemo,jdbcType=VARCHAR},
      </if>
      <if test="appendMemo != null">
        #{appendMemo,jdbcType=VARCHAR},
      </if>
      <if test="payment != null">
        #{payment,jdbcType=DECIMAL},
      </if>
      <if test="taxFee != null">
        #{taxFee,jdbcType=DECIMAL},
      </if>
      <if test="postFee != null">
        #{postFee,jdbcType=DECIMAL},
      </if>
      <if test="register != null">
        #{register,jdbcType=VARCHAR},
      </if>
      <if test="auditor != null">
        #{auditor,jdbcType=VARCHAR},
      </if>
      <if test="reviewer != null">
        #{reviewer,jdbcType=VARCHAR},
      </if>
      <if test="isDelete != null">
        #{isDelete,jdbcType=TINYINT},
      </if>
      <if test="gmtCreate != null">
        #{gmtCreate,jdbcType=TIMESTAMP},
      </if>
      <if test="gmtModified != null">
        #{gmtModified,jdbcType=TIMESTAMP},
      </if>
      <if test="tradeStatus != null">
        #{tradeStatus,jdbcType=TINYINT},
      </if>
      <if test="userId != null">
        #{userId,jdbcType=INTEGER},
      </if>
    </trim>
  </insert>
  <select id="countByExample" parameterType="com.ycxy.wdgj.model.TradeOrderExample" resultType="java.lang.Long">
    <!--
      WARNING - @mbg.generated
      This element is automatically generated by MyBatis Generator, do not modify.
      This element was generated on Fri Feb 23 09:36:54 CST 2018.
    -->
    select count(*) from trade_order
    <if test="_parameter != null">
      <include refid="Example_Where_Clause" />
    </if>
  </select>
  <update id="updateByExampleSelective" parameterType="map">
    <!--
      WARNING - @mbg.generated
      This element is automatically generated by MyBatis Generator, do not modify.
      This element was generated on Fri Feb 23 09:36:54 CST 2018.
    -->
    update trade_order
    <set>
      <if test="record.id != null">
        id = #{record.id,jdbcType=INTEGER},
      </if>
      <if test="record.logisticsname != null">
        logisticsName = #{record.logisticsname,jdbcType=VARCHAR},
      </if>
      <if test="record.logisticsid != null">
        logisticsId = #{record.logisticsid,jdbcType=VARCHAR},
      </if>
      <if test="record.tradeId != null">
        trade_id = #{record.tradeId,jdbcType=BIGINT},
      </if>
      <if test="record.tradeNo != null">
        trade_no = #{record.tradeNo,jdbcType=BIGINT},
      </if>
      <if test="record.sourceTradeId != null">
        source_trade_id = #{record.sourceTradeId,jdbcType=BIGINT},
      </if>
      <if test="record.sourceTradeNo != null">
        source_trade_no = #{record.sourceTradeNo,jdbcType=BIGINT},
      </if>
      <if test="record.shopId != null">
        shop_id = #{record.shopId,jdbcType=BIGINT},
      </if>
      <if test="record.shopName != null">
        shop_name = #{record.shopName,jdbcType=VARCHAR},
      </if>
      <if test="record.seller != null">
        seller = #{record.seller,jdbcType=VARCHAR},
      </if>
      <if test="record.tradeType != null">
        trade_type = #{record.tradeType,jdbcType=TINYINT},
      </if>
      <if test="record.totalMoney != null">
        total_money = #{record.totalMoney,jdbcType=DECIMAL},
      </if>
      <if test="record.sellerMemo != null">
        seller_memo = #{record.sellerMemo,jdbcType=VARCHAR},
      </if>
      <if test="record.buyerMemo != null">
        buyer_memo = #{record.buyerMemo,jdbcType=VARCHAR},
      </if>
      <if test="record.appendMemo != null">
        append_memo = #{record.appendMemo,jdbcType=VARCHAR},
      </if>
      <if test="record.payment != null">
        payment = #{record.payment,jdbcType=DECIMAL},
      </if>
      <if test="record.taxFee != null">
        tax_fee = #{record.taxFee,jdbcType=DECIMAL},
      </if>
      <if test="record.postFee != null">
        post_fee = #{record.postFee,jdbcType=DECIMAL},
      </if>
      <if test="record.register != null">
        register = #{record.register,jdbcType=VARCHAR},
      </if>
      <if test="record.auditor != null">
        auditor = #{record.auditor,jdbcType=VARCHAR},
      </if>
      <if test="record.reviewer != null">
        reviewer = #{record.reviewer,jdbcType=VARCHAR},
      </if>
      <if test="record.isDelete != null">
        is_delete = #{record.isDelete,jdbcType=TINYINT},
      </if>
      <if test="record.gmtCreate != null">
        gmt_create = #{record.gmtCreate,jdbcType=TIMESTAMP},
      </if>
      <if test="record.gmtModified != null">
        gmt_modified = #{record.gmtModified,jdbcType=TIMESTAMP},
      </if>
      <if test="record.tradeStatus != null">
        trade_status = #{record.tradeStatus,jdbcType=TINYINT},
      </if>
      <if test="record.userId != null">
        user_id = #{record.userId,jdbcType=INTEGER},
      </if>
    </set>
    <if test="_parameter != null">
      <include refid="Update_By_Example_Where_Clause" />
    </if>
  </update>
  <update id="updateByExample" parameterType="map">
    <!--
      WARNING - @mbg.generated
      This element is automatically generated by MyBatis Generator, do not modify.
      This element was generated on Fri Feb 23 09:36:54 CST 2018.
    -->
    update trade_order
    set id = #{record.id,jdbcType=INTEGER},
      logisticsName = #{record.logisticsname,jdbcType=VARCHAR},
      logisticsId = #{record.logisticsid,jdbcType=VARCHAR},
      trade_id = #{record.tradeId,jdbcType=BIGINT},
      trade_no = #{record.tradeNo,jdbcType=BIGINT},
      source_trade_id = #{record.sourceTradeId,jdbcType=BIGINT},
      source_trade_no = #{record.sourceTradeNo,jdbcType=BIGINT},
      shop_id = #{record.shopId,jdbcType=BIGINT},
      shop_name = #{record.shopName,jdbcType=VARCHAR},
      seller = #{record.seller,jdbcType=VARCHAR},
      trade_type = #{record.tradeType,jdbcType=TINYINT},
      total_money = #{record.totalMoney,jdbcType=DECIMAL},
      seller_memo = #{record.sellerMemo,jdbcType=VARCHAR},
      buyer_memo = #{record.buyerMemo,jdbcType=VARCHAR},
      append_memo = #{record.appendMemo,jdbcType=VARCHAR},
      payment = #{record.payment,jdbcType=DECIMAL},
      tax_fee = #{record.taxFee,jdbcType=DECIMAL},
      post_fee = #{record.postFee,jdbcType=DECIMAL},
      register = #{record.register,jdbcType=VARCHAR},
      auditor = #{record.auditor,jdbcType=VARCHAR},
      reviewer = #{record.reviewer,jdbcType=VARCHAR},
      is_delete = #{record.isDelete,jdbcType=TINYINT},
      gmt_create = #{record.gmtCreate,jdbcType=TIMESTAMP},
      gmt_modified = #{record.gmtModified,jdbcType=TIMESTAMP},
      trade_status = #{record.tradeStatus,jdbcType=TINYINT},
      user_id = #{record.userId,jdbcType=INTEGER}
    <if test="_parameter != null">
      <include refid="Update_By_Example_Where_Clause" />
    </if>
  </update>
  <update id="updateByPrimaryKeySelective" parameterType="com.ycxy.wdgj.model.TradeOrder">
    <!--
      WARNING - @mbg.generated
      This element is automatically generated by MyBatis Generator, do not modify.
      This element was generated on Fri Feb 23 09:36:54 CST 2018.
    -->
    update trade_order
    <set>
      <if test="logisticsname != null">
        logisticsName = #{logisticsname,jdbcType=VARCHAR},
      </if>
      <if test="logisticsid != null">
        logisticsId = #{logisticsid,jdbcType=VARCHAR},
      </if>
      <if test="tradeId != null">
        trade_id = #{tradeId,jdbcType=BIGINT},
      </if>
      <if test="tradeNo != null">
        trade_no = #{tradeNo,jdbcType=BIGINT},
      </if>
      <if test="sourceTradeId != null">
        source_trade_id = #{sourceTradeId,jdbcType=BIGINT},
      </if>
      <if test="sourceTradeNo != null">
        source_trade_no = #{sourceTradeNo,jdbcType=BIGINT},
      </if>
      <if test="shopId != null">
        shop_id = #{shopId,jdbcType=BIGINT},
      </if>
      <if test="shopName != null">
        shop_name = #{shopName,jdbcType=VARCHAR},
      </if>
      <if test="seller != null">
        seller = #{seller,jdbcType=VARCHAR},
      </if>
      <if test="tradeType != null">
        trade_type = #{tradeType,jdbcType=TINYINT},
      </if>
      <if test="totalMoney != null">
        total_money = #{totalMoney,jdbcType=DECIMAL},
      </if>
      <if test="sellerMemo != null">
        seller_memo = #{sellerMemo,jdbcType=VARCHAR},
      </if>
      <if test="buyerMemo != null">
        buyer_memo = #{buyerMemo,jdbcType=VARCHAR},
      </if>
      <if test="appendMemo != null">
        append_memo = #{appendMemo,jdbcType=VARCHAR},
      </if>
      <if test="payment != null">
        payment = #{payment,jdbcType=DECIMAL},
      </if>
      <if test="taxFee != null">
        tax_fee = #{taxFee,jdbcType=DECIMAL},
      </if>
      <if test="postFee != null">
        post_fee = #{postFee,jdbcType=DECIMAL},
      </if>
      <if test="register != null">
        register = #{register,jdbcType=VARCHAR},
      </if>
      <if test="auditor != null">
        auditor = #{auditor,jdbcType=VARCHAR},
      </if>
      <if test="reviewer != null">
        reviewer = #{reviewer,jdbcType=VARCHAR},
      </if>
      <if test="isDelete != null">
        is_delete = #{isDelete,jdbcType=TINYINT},
      </if>
      <if test="gmtCreate != null">
        gmt_create = #{gmtCreate,jdbcType=TIMESTAMP},
      </if>
      <if test="gmtModified != null">
        gmt_modified = #{gmtModified,jdbcType=TIMESTAMP},
      </if>
      <if test="tradeStatus != null">
        trade_status = #{tradeStatus,jdbcType=TINYINT},
      </if>
      <if test="userId != null">
        user_id = #{userId,jdbcType=INTEGER},
      </if>
    </set>
    where id = #{id,jdbcType=INTEGER}
  </update>
  <update id="updateByPrimaryKey" parameterType="com.ycxy.wdgj.model.TradeOrder">
    <!--
      WARNING - @mbg.generated
      This element is automatically generated by MyBatis Generator, do not modify.
      This element was generated on Fri Feb 23 09:36:54 CST 2018.
    -->
    update trade_order
    set logisticsName = #{logisticsname,jdbcType=VARCHAR},
      logisticsId = #{logisticsid,jdbcType=VARCHAR},
      trade_id = #{tradeId,jdbcType=BIGINT},
      trade_no = #{tradeNo,jdbcType=BIGINT},
      source_trade_id = #{sourceTradeId,jdbcType=BIGINT},
      source_trade_no = #{sourceTradeNo,jdbcType=BIGINT},
      shop_id = #{shopId,jdbcType=BIGINT},
      shop_name = #{shopName,jdbcType=VARCHAR},
      seller = #{seller,jdbcType=VARCHAR},
      trade_type = #{tradeType,jdbcType=TINYINT},
      total_money = #{totalMoney,jdbcType=DECIMAL},
      seller_memo = #{sellerMemo,jdbcType=VARCHAR},
      buyer_memo = #{buyerMemo,jdbcType=VARCHAR},
      append_memo = #{appendMemo,jdbcType=VARCHAR},
      payment = #{payment,jdbcType=DECIMAL},
      tax_fee = #{taxFee,jdbcType=DECIMAL},
      post_fee = #{postFee,jdbcType=DECIMAL},
      register = #{register,jdbcType=VARCHAR},
      auditor = #{auditor,jdbcType=VARCHAR},
      reviewer = #{reviewer,jdbcType=VARCHAR},
      is_delete = #{isDelete,jdbcType=TINYINT},
      gmt_create = #{gmtCreate,jdbcType=TIMESTAMP},
      gmt_modified = #{gmtModified,jdbcType=TIMESTAMP},
      trade_status = #{tradeStatus,jdbcType=TINYINT},
      user_id = #{userId,jdbcType=INTEGER}
    where id = #{id,jdbcType=INTEGER}
  </update>
</mapper>