<?xml version="1.0" encoding="UTF-8"?>
<!DOCTYPE mapper PUBLIC "-//mybatis.org//DTD Mapper 3.0//EN" "http://mybatis.org/dtd/mybatis-3-mapper.dtd">
<mapper namespace="com.ycxy.wdgj.dao.TradeReceiverMapper">
  <resultMap id="BaseResultMap" type="com.ycxy.wdgj.model.TradeReceiver">
    <!--
      WARNING - @mbg.generated
      This element is automatically generated by MyBatis Generator, do not modify.
      This element was generated on Mon Feb 12 15:26:28 CST 2018.
    -->
    <id column="id" jdbcType="INTEGER" property="id" />
    <result column="receiver_name" jdbcType="VARCHAR" property="receiverName" />
    <result column="receiver_phone" jdbcType="VARCHAR" property="receiverPhone" />
    <result column="country" jdbcType="VARCHAR" property="country" />
    <result column="state" jdbcType="VARCHAR" property="state" />
    <result column="city" jdbcType="VARCHAR" property="city" />
    <result column="district" jdbcType="VARCHAR" property="district" />
    <result column="address" jdbcType="VARCHAR" property="address" />
    <result column="identity_card_type" jdbcType="TINYINT" property="identityCardType" />
    <result column="identity_card_no" jdbcType="VARCHAR" property="identityCardNo" />
    <result column="gmt_created" jdbcType="TIMESTAMP" property="gmtCreated" />
    <result column="gmt_modified" jdbcType="TIMESTAMP" property="gmtModified" />
    <result column="trade_id" jdbcType="BIGINT" property="tradeId" />
  </resultMap>
  <sql id="Example_Where_Clause">
    <!--
      WARNING - @mbg.generated
      This element is automatically generated by MyBatis Generator, do not modify.
      This element was generated on Mon Feb 12 15:26:28 CST 2018.
    -->
    <where>
      <foreach collection="oredCriteria" item="criteria" separator="or">
        <if test="criteria.valid">
          <trim prefix="(" prefixOverrides="and" suffix=")">
            <foreach collection="criteria.criteria" item="criterion">
              <choose>
                <when test="criterion.noValue">
                  and ${criterion.condition}
                </when>
                <when test="criterion.singleValue">
                  and ${criterion.condition} #{criterion.value}
                </when>
                <when test="criterion.betweenValue">
                  and ${criterion.condition} #{criterion.value} and #{criterion.secondValue}
                </when>
                <when test="criterion.listValue">
                  and ${criterion.condition}
                  <foreach close=")" collection="criterion.value" item="listItem" open="(" separator=",">
                    #{listItem}
                  </foreach>
                </when>
              </choose>
            </foreach>
          </trim>
        </if>
      </foreach>
    </where>
  </sql>
  <sql id="Update_By_Example_Where_Clause">
    <!--
      WARNING - @mbg.generated
      This element is automatically generated by MyBatis Generator, do not modify.
      This element was generated on Mon Feb 12 15:26:28 CST 2018.
    -->
    <where>
      <foreach collection="example.oredCriteria" item="criteria" separator="or">
        <if test="criteria.valid">
          <trim prefix="(" prefixOverrides="and" suffix=")">
            <foreach collection="criteria.criteria" item="criterion">
              <choose>
                <when test="criterion.noValue">
                  and ${criterion.condition}
                </when>
                <when test="criterion.singleValue">
                  and ${criterion.condition} #{criterion.value}
                </when>
                <when test="criterion.betweenValue">
                  and ${criterion.condition} #{criterion.value} and #{criterion.secondValue}
                </when>
                <when test="criterion.listValue">
                  and ${criterion.condition}
                  <foreach close=")" collection="criterion.value" item="listItem" open="(" separator=",">
                    #{listItem}
                  </foreach>
                </when>
              </choose>
            </foreach>
          </trim>
        </if>
      </foreach>
    </where>
  </sql>
  <sql id="Base_Column_List">
    <!--
      WARNING - @mbg.generated
      This element is automatically generated by MyBatis Generator, do not modify.
      This element was generated on Mon Feb 12 15:26:28 CST 2018.
    -->
    id, receiver_name, receiver_phone, country, state, city, district, address, identity_card_type, 
    identity_card_no, gmt_created, gmt_modified, trade_id
  </sql>
  <select id="selectByExample" parameterType="com.ycxy.wdgj.model.TradeReceiverExample" resultMap="BaseResultMap">
    <!--
      WARNING - @mbg.generated
      This element is automatically generated by MyBatis Generator, do not modify.
      This element was generated on Mon Feb 12 15:26:28 CST 2018.
    -->
    select
    <if test="distinct">
      distinct
    </if>
    <include refid="Base_Column_List" />
    from trade_receiver_tb
    <if test="_parameter != null">
      <include refid="Example_Where_Clause" />
    </if>
    <if test="orderByClause != null">
      order by ${orderByClause}
    </if>
  </select>
  <select id="selectByPrimaryKey" parameterType="java.lang.Integer" resultMap="BaseResultMap">
    <!--
      WARNING - @mbg.generated
      This element is automatically generated by MyBatis Generator, do not modify.
      This element was generated on Mon Feb 12 15:26:28 CST 2018.
    -->
    select 
    <include refid="Base_Column_List" />
    from trade_receiver_tb
    where id = #{id,jdbcType=INTEGER} limit 1
  </select>
  <delete id="deleteByPrimaryKey" parameterType="java.lang.Integer">
    <!--
      WARNING - @mbg.generated
      This element is automatically generated by MyBatis Generator, do not modify.
      This element was generated on Mon Feb 12 15:26:28 CST 2018.
    -->
    delete from trade_receiver_tb
    where id = #{id,jdbcType=INTEGER}
  </delete>
  <delete id="deleteByExample" parameterType="com.ycxy.wdgj.model.TradeReceiverExample">
    <!--
      WARNING - @mbg.generated
      This element is automatically generated by MyBatis Generator, do not modify.
      This element was generated on Mon Feb 12 15:26:28 CST 2018.
    -->
    delete from trade_receiver_tb
    <if test="_parameter != null">
      <include refid="Example_Where_Clause" />
    </if>
  </delete>
  <insert id="insert" parameterType="com.ycxy.wdgj.model.TradeReceiver">
    <!--
      WARNING - @mbg.generated
      This element is automatically generated by MyBatis Generator, do not modify.
      This element was generated on Mon Feb 12 15:26:28 CST 2018.
    -->
    insert into trade_receiver_tb (id, receiver_name, receiver_phone, 
      country, state, city, 
      district, address, identity_card_type, 
      identity_card_no, gmt_created, gmt_modified, 
      trade_id)
    values (#{id,jdbcType=INTEGER}, #{receiverName,jdbcType=VARCHAR}, #{receiverPhone,jdbcType=VARCHAR}, 
      #{country,jdbcType=VARCHAR}, #{state,jdbcType=VARCHAR}, #{city,jdbcType=VARCHAR}, 
      #{district,jdbcType=VARCHAR}, #{address,jdbcType=VARCHAR}, #{identityCardType,jdbcType=TINYINT}, 
      #{identityCardNo,jdbcType=VARCHAR}, #{gmtCreated,jdbcType=TIMESTAMP}, #{gmtModified,jdbcType=TIMESTAMP}, 
      #{tradeId,jdbcType=BIGINT})
  </insert>
  <insert id="insertSelective" parameterType="com.ycxy.wdgj.model.TradeReceiver">
    <!--
      WARNING - @mbg.generated
      This element is automatically generated by MyBatis Generator, do not modify.
      This element was generated on Mon Feb 12 15:26:28 CST 2018.
    -->
    insert into trade_receiver_tb
    <trim prefix="(" suffix=")" suffixOverrides=",">
      <if test="id != null">
        id,
      </if>
      <if test="receiverName != null">
        receiver_name,
      </if>
      <if test="receiverPhone != null">
        receiver_phone,
      </if>
      <if test="country != null">
        country,
      </if>
      <if test="state != null">
        state,
      </if>
      <if test="city != null">
        city,
      </if>
      <if test="district != null">
        district,
      </if>
      <if test="address != null">
        address,
      </if>
      <if test="identityCardType != null">
        identity_card_type,
      </if>
      <if test="identityCardNo != null">
        identity_card_no,
      </if>
      <if test="gmtCreated != null">
        gmt_created,
      </if>
      <if test="gmtModified != null">
        gmt_modified,
      </if>
      <if test="tradeId != null">
        trade_id,
      </if>
    </trim>
    <trim prefix="values (" suffix=")" suffixOverrides=",">
      <if test="id != null">
        #{id,jdbcType=INTEGER},
      </if>
      <if test="receiverName != null">
        #{receiverName,jdbcType=VARCHAR},
      </if>
      <if test="receiverPhone != null">
        #{receiverPhone,jdbcType=VARCHAR},
      </if>
      <if test="country != null">
        #{country,jdbcType=VARCHAR},
      </if>
      <if test="state != null">
        #{state,jdbcType=VARCHAR},
      </if>
      <if test="city != null">
        #{city,jdbcType=VARCHAR},
      </if>
      <if test="district != null">
        #{district,jdbcType=VARCHAR},
      </if>
      <if test="address != null">
        #{address,jdbcType=VARCHAR},
      </if>
      <if test="identityCardType != null">
        #{identityCardType,jdbcType=TINYINT},
      </if>
      <if test="identityCardNo != null">
        #{identityCardNo,jdbcType=VARCHAR},
      </if>
      <if test="gmtCreated != null">
        #{gmtCreated,jdbcType=TIMESTAMP},
      </if>
      <if test="gmtModified != null">
        #{gmtModified,jdbcType=TIMESTAMP},
      </if>
      <if test="tradeId != null">
        #{tradeId,jdbcType=BIGINT},
      </if>
    </trim>
  </insert>
  <select id="countByExample" parameterType="com.ycxy.wdgj.model.TradeReceiverExample" resultType="java.lang.Long">
    <!--
      WARNING - @mbg.generated
      This element is automatically generated by MyBatis Generator, do not modify.
      This element was generated on Mon Feb 12 15:26:28 CST 2018.
    -->
    select count(*) from trade_receiver_tb
    <if test="_parameter != null">
      <include refid="Example_Where_Clause" />
    </if>
  </select>
  <update id="updateByExampleSelective" parameterType="map">
    <!--
      WARNING - @mbg.generated
      This element is automatically generated by MyBatis Generator, do not modify.
      This element was generated on Mon Feb 12 15:26:28 CST 2018.
    -->
    update trade_receiver_tb
    <set>
      <if test="record.id != null">
        id = #{record.id,jdbcType=INTEGER},
      </if>
      <if test="record.receiverName != null">
        receiver_name = #{record.receiverName,jdbcType=VARCHAR},
      </if>
      <if test="record.receiverPhone != null">
        receiver_phone = #{record.receiverPhone,jdbcType=VARCHAR},
      </if>
      <if test="record.country != null">
        country = #{record.country,jdbcType=VARCHAR},
      </if>
      <if test="record.state != null">
        state = #{record.state,jdbcType=VARCHAR},
      </if>
      <if test="record.city != null">
        city = #{record.city,jdbcType=VARCHAR},
      </if>
      <if test="record.district != null">
        district = #{record.district,jdbcType=VARCHAR},
      </if>
      <if test="record.address != null">
        address = #{record.address,jdbcType=VARCHAR},
      </if>
      <if test="record.identityCardType != null">
        identity_card_type = #{record.identityCardType,jdbcType=TINYINT},
      </if>
      <if test="record.identityCardNo != null">
        identity_card_no = #{record.identityCardNo,jdbcType=VARCHAR},
      </if>
      <if test="record.gmtCreated != null">
        gmt_created = #{record.gmtCreated,jdbcType=TIMESTAMP},
      </if>
      <if test="record.gmtModified != null">
        gmt_modified = #{record.gmtModified,jdbcType=TIMESTAMP},
      </if>
      <if test="record.tradeId != null">
        trade_id = #{record.tradeId,jdbcType=BIGINT},
      </if>
    </set>
    <if test="_parameter != null">
      <include refid="Update_By_Example_Where_Clause" />
    </if>
  </update>
  <update id="updateByExample" parameterType="map">
    <!--
      WARNING - @mbg.generated
      This element is automatically generated by MyBatis Generator, do not modify.
      This element was generated on Mon Feb 12 15:26:28 CST 2018.
    -->
    update trade_receiver_tb
    set id = #{record.id,jdbcType=INTEGER},
      receiver_name = #{record.receiverName,jdbcType=VARCHAR},
      receiver_phone = #{record.receiverPhone,jdbcType=VARCHAR},
      country = #{record.country,jdbcType=VARCHAR},
      state = #{record.state,jdbcType=VARCHAR},
      city = #{record.city,jdbcType=VARCHAR},
      district = #{record.district,jdbcType=VARCHAR},
      address = #{record.address,jdbcType=VARCHAR},
      identity_card_type = #{record.identityCardType,jdbcType=TINYINT},
      identity_card_no = #{record.identityCardNo,jdbcType=VARCHAR},
      gmt_created = #{record.gmtCreated,jdbcType=TIMESTAMP},
      gmt_modified = #{record.gmtModified,jdbcType=TIMESTAMP},
      trade_id = #{record.tradeId,jdbcType=BIGINT}
    <if test="_parameter != null">
      <include refid="Update_By_Example_Where_Clause" />
    </if>
  </update>
  <update id="updateByPrimaryKeySelective" parameterType="com.ycxy.wdgj.model.TradeReceiver">
    <!--
      WARNING - @mbg.generated
      This element is automatically generated by MyBatis Generator, do not modify.
      This element was generated on Mon Feb 12 15:26:28 CST 2018.
    -->
    update trade_receiver_tb
    <set>
      <if test="receiverName != null">
        receiver_name = #{receiverName,jdbcType=VARCHAR},
      </if>
      <if test="receiverPhone != null">
        receiver_phone = #{receiverPhone,jdbcType=VARCHAR},
      </if>
      <if test="country != null">
        country = #{country,jdbcType=VARCHAR},
      </if>
      <if test="state != null">
        state = #{state,jdbcType=VARCHAR},
      </if>
      <if test="city != null">
        city = #{city,jdbcType=VARCHAR},
      </if>
      <if test="district != null">
        district = #{district,jdbcType=VARCHAR},
      </if>
      <if test="address != null">
        address = #{address,jdbcType=VARCHAR},
      </if>
      <if test="identityCardType != null">
        identity_card_type = #{identityCardType,jdbcType=TINYINT},
      </if>
      <if test="identityCardNo != null">
        identity_card_no = #{identityCardNo,jdbcType=VARCHAR},
      </if>
      <if test="gmtCreated != null">
        gmt_created = #{gmtCreated,jdbcType=TIMESTAMP},
      </if>
      <if test="gmtModified != null">
        gmt_modified = #{gmtModified,jdbcType=TIMESTAMP},
      </if>
      <if test="tradeId != null">
        trade_id = #{tradeId,jdbcType=BIGINT},
      </if>
    </set>
    where id = #{id,jdbcType=INTEGER}
  </update>
  <update id="updateByPrimaryKey" parameterType="com.ycxy.wdgj.model.TradeReceiver">
    <!--
      WARNING - @mbg.generated
      This element is automatically generated by MyBatis Generator, do not modify.
      This element was generated on Mon Feb 12 15:26:28 CST 2018.
    -->
    update trade_receiver_tb
    set receiver_name = #{receiverName,jdbcType=VARCHAR},
      receiver_phone = #{receiverPhone,jdbcType=VARCHAR},
      country = #{country,jdbcType=VARCHAR},
      state = #{state,jdbcType=VARCHAR},
      city = #{city,jdbcType=VARCHAR},
      district = #{district,jdbcType=VARCHAR},
      address = #{address,jdbcType=VARCHAR},
      identity_card_type = #{identityCardType,jdbcType=TINYINT},
      identity_card_no = #{identityCardNo,jdbcType=VARCHAR},
      gmt_created = #{gmtCreated,jdbcType=TIMESTAMP},
      gmt_modified = #{gmtModified,jdbcType=TIMESTAMP},
      trade_id = #{tradeId,jdbcType=BIGINT}
    where id = #{id,jdbcType=INTEGER}
  </update>
</mapper>