<?xml version="1.0" encoding="UTF-8"?>
<!DOCTYPE mapper PUBLIC "-//mybatis.org//DTD Mapper 3.0//EN" "http://mybatis.org/dtd/mybatis-3-mapper.dtd">
<mapper namespace="com.ycxy.wdgj.dao.OnlineOrderMapper">
  <resultMap id="BaseResultMap" type="com.ycxy.wdgj.taobao.domain.OnlineOrder">
    <!--
      WARNING - @mbg.generated
      This element is automatically generated by MyBatis Generator, do not modify.
      This element was generated on Sun Mar 04 14:04:44 CST 2018.
    -->
    <id column="id" jdbcType="INTEGER" property="id" />
    <result column="item_meal_name" jdbcType="VARCHAR" property="itemMealName" />
    <result column="pic_path" jdbcType="VARCHAR" property="picPath" />
    <result column="seller_nick" jdbcType="VARCHAR" property="sellerNick" />
    <result column="buyer_nick" jdbcType="VARCHAR" property="buyerNick" />
    <result column="refund_status" jdbcType="VARCHAR" property="refundStatus" />
    <result column="outer_iid" jdbcType="VARCHAR" property="outerIid" />
    <result column="snapshot_url" jdbcType="VARCHAR" property="snapshotUrl" />
    <result column="snapshot" jdbcType="VARCHAR" property="snapshot" />
    <result column="timeout_action_time" jdbcType="DATE" property="timeoutActionTime" />
    <result column="buyer_rate" jdbcType="BIT" property="buyerRate" />
    <result column="seller_rate" jdbcType="BIT" property="sellerRate" />
    <result column="seller_type" jdbcType="VARCHAR" property="sellerType" />
    <result column="cid" jdbcType="INTEGER" property="cid" />
    <result column="sub_order_tax_fee" jdbcType="VARCHAR" property="subOrderTaxFee" />
    <result column="sub_order_tax_rate" jdbcType="VARCHAR" property="subOrderTaxRate" />
    <result column="estimate_conTime" jdbcType="VARCHAR" property="estimateContime" />
    <result column="oid" jdbcType="INTEGER" property="oid" />
    <result column="status" jdbcType="VARCHAR" property="status" />
    <result column="title" jdbcType="VARCHAR" property="title" />
    <result column="type" jdbcType="VARCHAR" property="type" />
    <result column="iid" jdbcType="VARCHAR" property="iid" />
    <result column="price" jdbcType="VARCHAR" property="price" />
    <result column="num_Iid" jdbcType="INTEGER" property="numIid" />
    <result column="item_meal_Id" jdbcType="VARCHAR" property="itemMealId" />
    <result column="sku_id" jdbcType="VARCHAR" property="skuId" />
    <result column="num" jdbcType="INTEGER" property="num" />
    <result column="outer_skuId" jdbcType="VARCHAR" property="outerSkuid" />
    <result column="order_from" jdbcType="VARCHAR" property="orderFrom" />
    <result column="total_fee" jdbcType="DOUBLE" property="totalFee" />
    <result column="payment" jdbcType="DOUBLE" property="payment" />
    <result column="discount_fee" jdbcType="DOUBLE" property="discountFee" />
    <result column="adjust_fee" jdbcType="DOUBLE" property="adjustFee" />
    <result column="modified" jdbcType="DATE" property="modified" />
    <result column="sku_properties_name" jdbcType="VARCHAR" property="skuPropertiesName" />
    <result column="refund_id" jdbcType="VARCHAR" property="refundId" />
    <result column="isOversold" jdbcType="VARCHAR" property="isoversold" />
    <result column="is_serviceOrder" jdbcType="VARCHAR" property="isServiceorder" />
    <result column="end_time" jdbcType="DATE" property="endTime" />
    <result column="consign_time" jdbcType="DATE" property="consignTime" />
  </resultMap>
  <sql id="Example_Where_Clause">
    <!--
      WARNING - @mbg.generated
      This element is automatically generated by MyBatis Generator, do not modify.
      This element was generated on Sun Mar 04 14:04:44 CST 2018.
    -->
    <where>
      <foreach collection="oredCriteria" item="criteria" separator="or">
        <if test="criteria.valid">
          <trim prefix="(" prefixOverrides="and" suffix=")">
            <foreach collection="criteria.criteria" item="criterion">
              <choose>
                <when test="criterion.noValue">
                  and ${criterion.condition}
                </when>
                <when test="criterion.singleValue">
                  and ${criterion.condition} #{criterion.value}
                </when>
                <when test="criterion.betweenValue">
                  and ${criterion.condition} #{criterion.value} and #{criterion.secondValue}
                </when>
                <when test="criterion.listValue">
                  and ${criterion.condition}
                  <foreach close=")" collection="criterion.value" item="listItem" open="(" separator=",">
                    #{listItem}
                  </foreach>
                </when>
              </choose>
            </foreach>
          </trim>
        </if>
      </foreach>
    </where>
  </sql>
  <sql id="Update_By_Example_Where_Clause">
    <!--
      WARNING - @mbg.generated
      This element is automatically generated by MyBatis Generator, do not modify.
      This element was generated on Sun Mar 04 14:04:44 CST 2018.
    -->
    <where>
      <foreach collection="example.oredCriteria" item="criteria" separator="or">
        <if test="criteria.valid">
          <trim prefix="(" prefixOverrides="and" suffix=")">
            <foreach collection="criteria.criteria" item="criterion">
              <choose>
                <when test="criterion.noValue">
                  and ${criterion.condition}
                </when>
                <when test="criterion.singleValue">
                  and ${criterion.condition} #{criterion.value}
                </when>
                <when test="criterion.betweenValue">
                  and ${criterion.condition} #{criterion.value} and #{criterion.secondValue}
                </when>
                <when test="criterion.listValue">
                  and ${criterion.condition}
                  <foreach close=")" collection="criterion.value" item="listItem" open="(" separator=",">
                    #{listItem}
                  </foreach>
                </when>
              </choose>
            </foreach>
          </trim>
        </if>
      </foreach>
    </where>
  </sql>
  <sql id="Base_Column_List">
    <!--
      WARNING - @mbg.generated
      This element is automatically generated by MyBatis Generator, do not modify.
      This element was generated on Sun Mar 04 14:04:44 CST 2018.
    -->
    id, item_meal_name, pic_path, seller_nick, buyer_nick, refund_status, outer_iid, 
    snapshot_url, snapshot, timeout_action_time, buyer_rate, seller_rate, seller_type, 
    cid, sub_order_tax_fee, sub_order_tax_rate, estimate_conTime, oid, status, title, 
    type, iid, price, num_Iid, item_meal_Id, sku_id, num, outer_skuId, order_from, total_fee, 
    payment, discount_fee, adjust_fee, modified, sku_properties_name, refund_id, isOversold, 
    is_serviceOrder, end_time, consign_time
  </sql>
  <select id="selectByExample" parameterType="com.ycxy.wdgj.taobao.domain.OnlineOrderExample" resultMap="BaseResultMap">
    <!--
      WARNING - @mbg.generated
      This element is automatically generated by MyBatis Generator, do not modify.
      This element was generated on Sun Mar 04 14:04:44 CST 2018.
    -->
    select
    <if test="distinct">
      distinct
    </if>
    <include refid="Base_Column_List" />
    from online_order
    <if test="_parameter != null">
      <include refid="Example_Where_Clause" />
    </if>
    <if test="orderByClause != null">
      order by ${orderByClause}
    </if>
  </select>
  <select id="selectByPrimaryKey" parameterType="java.lang.Integer" resultMap="BaseResultMap">
    <!--
      WARNING - @mbg.generated
      This element is automatically generated by MyBatis Generator, do not modify.
      This element was generated on Sun Mar 04 14:04:44 CST 2018.
    -->
    select 
    <include refid="Base_Column_List" />
    from online_order
    where id = #{id,jdbcType=INTEGER}
  </select>
  <delete id="deleteByPrimaryKey" parameterType="java.lang.Integer">
    <!--
      WARNING - @mbg.generated
      This element is automatically generated by MyBatis Generator, do not modify.
      This element was generated on Sun Mar 04 14:04:44 CST 2018.
    -->
    delete from online_order
    where id = #{id,jdbcType=INTEGER}
  </delete>
  <delete id="deleteByExample" parameterType="com.ycxy.wdgj.taobao.domain.OnlineOrderExample">
    <!--
      WARNING - @mbg.generated
      This element is automatically generated by MyBatis Generator, do not modify.
      This element was generated on Sun Mar 04 14:04:44 CST 2018.
    -->
    delete from online_order
    <if test="_parameter != null">
      <include refid="Example_Where_Clause" />
    </if>
  </delete>
  <insert id="insert" parameterType="com.ycxy.wdgj.taobao.domain.OnlineOrder">
    <!--
      WARNING - @mbg.generated
      This element is automatically generated by MyBatis Generator, do not modify.
      This element was generated on Sun Mar 04 14:04:44 CST 2018.
    -->
    insert into online_order (id, item_meal_name, pic_path, 
      seller_nick, buyer_nick, refund_status, 
      outer_iid, snapshot_url, snapshot, 
      timeout_action_time, buyer_rate, seller_rate, 
      seller_type, cid, sub_order_tax_fee, 
      sub_order_tax_rate, estimate_conTime, oid, 
      status, title, type, 
      iid, price, num_Iid, 
      item_meal_Id, sku_id, num, 
      outer_skuId, order_from, total_fee, 
      payment, discount_fee, adjust_fee, 
      modified, sku_properties_name, refund_id, 
      isOversold, is_serviceOrder, end_time, 
      consign_time)
    values (#{id,jdbcType=INTEGER}, #{itemMealName,jdbcType=VARCHAR}, #{picPath,jdbcType=VARCHAR}, 
      #{sellerNick,jdbcType=VARCHAR}, #{buyerNick,jdbcType=VARCHAR}, #{refundStatus,jdbcType=VARCHAR}, 
      #{outerIid,jdbcType=VARCHAR}, #{snapshotUrl,jdbcType=VARCHAR}, #{snapshot,jdbcType=VARCHAR}, 
      #{timeoutActionTime,jdbcType=DATE}, #{buyerRate,jdbcType=BIT}, #{sellerRate,jdbcType=BIT}, 
      #{sellerType,jdbcType=VARCHAR}, #{cid,jdbcType=INTEGER}, #{subOrderTaxFee,jdbcType=VARCHAR}, 
      #{subOrderTaxRate,jdbcType=VARCHAR}, #{estimateContime,jdbcType=VARCHAR}, #{oid,jdbcType=INTEGER}, 
      #{status,jdbcType=VARCHAR}, #{title,jdbcType=VARCHAR}, #{type,jdbcType=VARCHAR}, 
      #{iid,jdbcType=VARCHAR}, #{price,jdbcType=VARCHAR}, #{numIid,jdbcType=INTEGER}, 
      #{itemMealId,jdbcType=VARCHAR}, #{skuId,jdbcType=VARCHAR}, #{num,jdbcType=INTEGER}, 
      #{outerSkuid,jdbcType=VARCHAR}, #{orderFrom,jdbcType=VARCHAR}, #{totalFee,jdbcType=DOUBLE}, 
      #{payment,jdbcType=DOUBLE}, #{discountFee,jdbcType=DOUBLE}, #{adjustFee,jdbcType=DOUBLE}, 
      #{modified,jdbcType=DATE}, #{skuPropertiesName,jdbcType=VARCHAR}, #{refundId,jdbcType=VARCHAR}, 
      #{isoversold,jdbcType=VARCHAR}, #{isServiceorder,jdbcType=VARCHAR}, #{endTime,jdbcType=DATE}, 
      #{consignTime,jdbcType=DATE})
  </insert>
  <insert id="insertSelective" parameterType="com.ycxy.wdgj.taobao.domain.OnlineOrder">
    <!--
      WARNING - @mbg.generated
      This element is automatically generated by MyBatis Generator, do not modify.
      This element was generated on Sun Mar 04 14:04:44 CST 2018.
    -->
    insert into online_order
    <trim prefix="(" suffix=")" suffixOverrides=",">
      <if test="id != null">
        id,
      </if>
      <if test="itemMealName != null">
        item_meal_name,
      </if>
      <if test="picPath != null">
        pic_path,
      </if>
      <if test="sellerNick != null">
        seller_nick,
      </if>
      <if test="buyerNick != null">
        buyer_nick,
      </if>
      <if test="refundStatus != null">
        refund_status,
      </if>
      <if test="outerIid != null">
        outer_iid,
      </if>
      <if test="snapshotUrl != null">
        snapshot_url,
      </if>
      <if test="snapshot != null">
        snapshot,
      </if>
      <if test="timeoutActionTime != null">
        timeout_action_time,
      </if>
      <if test="buyerRate != null">
        buyer_rate,
      </if>
      <if test="sellerRate != null">
        seller_rate,
      </if>
      <if test="sellerType != null">
        seller_type,
      </if>
      <if test="cid != null">
        cid,
      </if>
      <if test="subOrderTaxFee != null">
        sub_order_tax_fee,
      </if>
      <if test="subOrderTaxRate != null">
        sub_order_tax_rate,
      </if>
      <if test="estimateContime != null">
        estimate_conTime,
      </if>
      <if test="oid != null">
        oid,
      </if>
      <if test="status != null">
        status,
      </if>
      <if test="title != null">
        title,
      </if>
      <if test="type != null">
        type,
      </if>
      <if test="iid != null">
        iid,
      </if>
      <if test="price != null">
        price,
      </if>
      <if test="numIid != null">
        num_Iid,
      </if>
      <if test="itemMealId != null">
        item_meal_Id,
      </if>
      <if test="skuId != null">
        sku_id,
      </if>
      <if test="num != null">
        num,
      </if>
      <if test="outerSkuid != null">
        outer_skuId,
      </if>
      <if test="orderFrom != null">
        order_from,
      </if>
      <if test="totalFee != null">
        total_fee,
      </if>
      <if test="payment != null">
        payment,
      </if>
      <if test="discountFee != null">
        discount_fee,
      </if>
      <if test="adjustFee != null">
        adjust_fee,
      </if>
      <if test="modified != null">
        modified,
      </if>
      <if test="skuPropertiesName != null">
        sku_properties_name,
      </if>
      <if test="refundId != null">
        refund_id,
      </if>
      <if test="isoversold != null">
        isOversold,
      </if>
      <if test="isServiceorder != null">
        is_serviceOrder,
      </if>
      <if test="endTime != null">
        end_time,
      </if>
      <if test="consignTime != null">
        consign_time,
      </if>
    </trim>
    <trim prefix="values (" suffix=")" suffixOverrides=",">
      <if test="id != null">
        #{id,jdbcType=INTEGER},
      </if>
      <if test="itemMealName != null">
        #{itemMealName,jdbcType=VARCHAR},
      </if>
      <if test="picPath != null">
        #{picPath,jdbcType=VARCHAR},
      </if>
      <if test="sellerNick != null">
        #{sellerNick,jdbcType=VARCHAR},
      </if>
      <if test="buyerNick != null">
        #{buyerNick,jdbcType=VARCHAR},
      </if>
      <if test="refundStatus != null">
        #{refundStatus,jdbcType=VARCHAR},
      </if>
      <if test="outerIid != null">
        #{outerIid,jdbcType=VARCHAR},
      </if>
      <if test="snapshotUrl != null">
        #{snapshotUrl,jdbcType=VARCHAR},
      </if>
      <if test="snapshot != null">
        #{snapshot,jdbcType=VARCHAR},
      </if>
      <if test="timeoutActionTime != null">
        #{timeoutActionTime,jdbcType=DATE},
      </if>
      <if test="buyerRate != null">
        #{buyerRate,jdbcType=BIT},
      </if>
      <if test="sellerRate != null">
        #{sellerRate,jdbcType=BIT},
      </if>
      <if test="sellerType != null">
        #{sellerType,jdbcType=VARCHAR},
      </if>
      <if test="cid != null">
        #{cid,jdbcType=INTEGER},
      </if>
      <if test="subOrderTaxFee != null">
        #{subOrderTaxFee,jdbcType=VARCHAR},
      </if>
      <if test="subOrderTaxRate != null">
        #{subOrderTaxRate,jdbcType=VARCHAR},
      </if>
      <if test="estimateContime != null">
        #{estimateContime,jdbcType=VARCHAR},
      </if>
      <if test="oid != null">
        #{oid,jdbcType=INTEGER},
      </if>
      <if test="status != null">
        #{status,jdbcType=VARCHAR},
      </if>
      <if test="title != null">
        #{title,jdbcType=VARCHAR},
      </if>
      <if test="type != null">
        #{type,jdbcType=VARCHAR},
      </if>
      <if test="iid != null">
        #{iid,jdbcType=VARCHAR},
      </if>
      <if test="price != null">
        #{price,jdbcType=VARCHAR},
      </if>
      <if test="numIid != null">
        #{numIid,jdbcType=INTEGER},
      </if>
      <if test="itemMealId != null">
        #{itemMealId,jdbcType=VARCHAR},
      </if>
      <if test="skuId != null">
        #{skuId,jdbcType=VARCHAR},
      </if>
      <if test="num != null">
        #{num,jdbcType=INTEGER},
      </if>
      <if test="outerSkuid != null">
        #{outerSkuid,jdbcType=VARCHAR},
      </if>
      <if test="orderFrom != null">
        #{orderFrom,jdbcType=VARCHAR},
      </if>
      <if test="totalFee != null">
        #{totalFee,jdbcType=DOUBLE},
      </if>
      <if test="payment != null">
        #{payment,jdbcType=DOUBLE},
      </if>
      <if test="discountFee != null">
        #{discountFee,jdbcType=DOUBLE},
      </if>
      <if test="adjustFee != null">
        #{adjustFee,jdbcType=DOUBLE},
      </if>
      <if test="modified != null">
        #{modified,jdbcType=DATE},
      </if>
      <if test="skuPropertiesName != null">
        #{skuPropertiesName,jdbcType=VARCHAR},
      </if>
      <if test="refundId != null">
        #{refundId,jdbcType=VARCHAR},
      </if>
      <if test="isoversold != null">
        #{isoversold,jdbcType=VARCHAR},
      </if>
      <if test="isServiceorder != null">
        #{isServiceorder,jdbcType=VARCHAR},
      </if>
      <if test="endTime != null">
        #{endTime,jdbcType=DATE},
      </if>
      <if test="consignTime != null">
        #{consignTime,jdbcType=DATE},
      </if>
    </trim>
  </insert>
  <select id="countByExample" parameterType="com.ycxy.wdgj.taobao.domain.OnlineOrderExample" resultType="java.lang.Long">
    <!--
      WARNING - @mbg.generated
      This element is automatically generated by MyBatis Generator, do not modify.
      This element was generated on Sun Mar 04 14:04:44 CST 2018.
    -->
    select count(*) from online_order
    <if test="_parameter != null">
      <include refid="Example_Where_Clause" />
    </if>
  </select>
  <update id="updateByExampleSelective" parameterType="map">
    <!--
      WARNING - @mbg.generated
      This element is automatically generated by MyBatis Generator, do not modify.
      This element was generated on Sun Mar 04 14:04:44 CST 2018.
    -->
    update online_order
    <set>
      <if test="record.id != null">
        id = #{record.id,jdbcType=INTEGER},
      </if>
      <if test="record.itemMealName != null">
        item_meal_name = #{record.itemMealName,jdbcType=VARCHAR},
      </if>
      <if test="record.picPath != null">
        pic_path = #{record.picPath,jdbcType=VARCHAR},
      </if>
      <if test="record.sellerNick != null">
        seller_nick = #{record.sellerNick,jdbcType=VARCHAR},
      </if>
      <if test="record.buyerNick != null">
        buyer_nick = #{record.buyerNick,jdbcType=VARCHAR},
      </if>
      <if test="record.refundStatus != null">
        refund_status = #{record.refundStatus,jdbcType=VARCHAR},
      </if>
      <if test="record.outerIid != null">
        outer_iid = #{record.outerIid,jdbcType=VARCHAR},
      </if>
      <if test="record.snapshotUrl != null">
        snapshot_url = #{record.snapshotUrl,jdbcType=VARCHAR},
      </if>
      <if test="record.snapshot != null">
        snapshot = #{record.snapshot,jdbcType=VARCHAR},
      </if>
      <if test="record.timeoutActionTime != null">
        timeout_action_time = #{record.timeoutActionTime,jdbcType=DATE},
      </if>
      <if test="record.buyerRate != null">
        buyer_rate = #{record.buyerRate,jdbcType=BIT},
      </if>
      <if test="record.sellerRate != null">
        seller_rate = #{record.sellerRate,jdbcType=BIT},
      </if>
      <if test="record.sellerType != null">
        seller_type = #{record.sellerType,jdbcType=VARCHAR},
      </if>
      <if test="record.cid != null">
        cid = #{record.cid,jdbcType=INTEGER},
      </if>
      <if test="record.subOrderTaxFee != null">
        sub_order_tax_fee = #{record.subOrderTaxFee,jdbcType=VARCHAR},
      </if>
      <if test="record.subOrderTaxRate != null">
        sub_order_tax_rate = #{record.subOrderTaxRate,jdbcType=VARCHAR},
      </if>
      <if test="record.estimateContime != null">
        estimate_conTime = #{record.estimateContime,jdbcType=VARCHAR},
      </if>
      <if test="record.oid != null">
        oid = #{record.oid,jdbcType=INTEGER},
      </if>
      <if test="record.status != null">
        status = #{record.status,jdbcType=VARCHAR},
      </if>
      <if test="record.title != null">
        title = #{record.title,jdbcType=VARCHAR},
      </if>
      <if test="record.type != null">
        type = #{record.type,jdbcType=VARCHAR},
      </if>
      <if test="record.iid != null">
        iid = #{record.iid,jdbcType=VARCHAR},
      </if>
      <if test="record.price != null">
        price = #{record.price,jdbcType=VARCHAR},
      </if>
      <if test="record.numIid != null">
        num_Iid = #{record.numIid,jdbcType=INTEGER},
      </if>
      <if test="record.itemMealId != null">
        item_meal_Id = #{record.itemMealId,jdbcType=VARCHAR},
      </if>
      <if test="record.skuId != null">
        sku_id = #{record.skuId,jdbcType=VARCHAR},
      </if>
      <if test="record.num != null">
        num = #{record.num,jdbcType=INTEGER},
      </if>
      <if test="record.outerSkuid != null">
        outer_skuId = #{record.outerSkuid,jdbcType=VARCHAR},
      </if>
      <if test="record.orderFrom != null">
        order_from = #{record.orderFrom,jdbcType=VARCHAR},
      </if>
      <if test="record.totalFee != null">
        total_fee = #{record.totalFee,jdbcType=DOUBLE},
      </if>
      <if test="record.payment != null">
        payment = #{record.payment,jdbcType=DOUBLE},
      </if>
      <if test="record.discountFee != null">
        discount_fee = #{record.discountFee,jdbcType=DOUBLE},
      </if>
      <if test="record.adjustFee != null">
        adjust_fee = #{record.adjustFee,jdbcType=DOUBLE},
      </if>
      <if test="record.modified != null">
        modified = #{record.modified,jdbcType=DATE},
      </if>
      <if test="record.skuPropertiesName != null">
        sku_properties_name = #{record.skuPropertiesName,jdbcType=VARCHAR},
      </if>
      <if test="record.refundId != null">
        refund_id = #{record.refundId,jdbcType=VARCHAR},
      </if>
      <if test="record.isoversold != null">
        isOversold = #{record.isoversold,jdbcType=VARCHAR},
      </if>
      <if test="record.isServiceorder != null">
        is_serviceOrder = #{record.isServiceorder,jdbcType=VARCHAR},
      </if>
      <if test="record.endTime != null">
        end_time = #{record.endTime,jdbcType=DATE},
      </if>
      <if test="record.consignTime != null">
        consign_time = #{record.consignTime,jdbcType=DATE},
      </if>
    </set>
    <if test="_parameter != null">
      <include refid="Update_By_Example_Where_Clause" />
    </if>
  </update>
  <update id="updateByExample" parameterType="map">
    <!--
      WARNING - @mbg.generated
      This element is automatically generated by MyBatis Generator, do not modify.
      This element was generated on Sun Mar 04 14:04:44 CST 2018.
    -->
    update online_order
    set id = #{record.id,jdbcType=INTEGER},
      item_meal_name = #{record.itemMealName,jdbcType=VARCHAR},
      pic_path = #{record.picPath,jdbcType=VARCHAR},
      seller_nick = #{record.sellerNick,jdbcType=VARCHAR},
      buyer_nick = #{record.buyerNick,jdbcType=VARCHAR},
      refund_status = #{record.refundStatus,jdbcType=VARCHAR},
      outer_iid = #{record.outerIid,jdbcType=VARCHAR},
      snapshot_url = #{record.snapshotUrl,jdbcType=VARCHAR},
      snapshot = #{record.snapshot,jdbcType=VARCHAR},
      timeout_action_time = #{record.timeoutActionTime,jdbcType=DATE},
      buyer_rate = #{record.buyerRate,jdbcType=BIT},
      seller_rate = #{record.sellerRate,jdbcType=BIT},
      seller_type = #{record.sellerType,jdbcType=VARCHAR},
      cid = #{record.cid,jdbcType=INTEGER},
      sub_order_tax_fee = #{record.subOrderTaxFee,jdbcType=VARCHAR},
      sub_order_tax_rate = #{record.subOrderTaxRate,jdbcType=VARCHAR},
      estimate_conTime = #{record.estimateContime,jdbcType=VARCHAR},
      oid = #{record.oid,jdbcType=INTEGER},
      status = #{record.status,jdbcType=VARCHAR},
      title = #{record.title,jdbcType=VARCHAR},
      type = #{record.type,jdbcType=VARCHAR},
      iid = #{record.iid,jdbcType=VARCHAR},
      price = #{record.price,jdbcType=VARCHAR},
      num_Iid = #{record.numIid,jdbcType=INTEGER},
      item_meal_Id = #{record.itemMealId,jdbcType=VARCHAR},
      sku_id = #{record.skuId,jdbcType=VARCHAR},
      num = #{record.num,jdbcType=INTEGER},
      outer_skuId = #{record.outerSkuid,jdbcType=VARCHAR},
      order_from = #{record.orderFrom,jdbcType=VARCHAR},
      total_fee = #{record.totalFee,jdbcType=DOUBLE},
      payment = #{record.payment,jdbcType=DOUBLE},
      discount_fee = #{record.discountFee,jdbcType=DOUBLE},
      adjust_fee = #{record.adjustFee,jdbcType=DOUBLE},
      modified = #{record.modified,jdbcType=DATE},
      sku_properties_name = #{record.skuPropertiesName,jdbcType=VARCHAR},
      refund_id = #{record.refundId,jdbcType=VARCHAR},
      isOversold = #{record.isoversold,jdbcType=VARCHAR},
      is_serviceOrder = #{record.isServiceorder,jdbcType=VARCHAR},
      end_time = #{record.endTime,jdbcType=DATE},
      consign_time = #{record.consignTime,jdbcType=DATE}
    <if test="_parameter != null">
      <include refid="Update_By_Example_Where_Clause" />
    </if>
  </update>
  <update id="updateByPrimaryKeySelective" parameterType="com.ycxy.wdgj.taobao.domain.OnlineOrder">
    <!--
      WARNING - @mbg.generated
      This element is automatically generated by MyBatis Generator, do not modify.
      This element was generated on Sun Mar 04 14:04:44 CST 2018.
    -->
    update online_order
    <set>
      <if test="itemMealName != null">
        item_meal_name = #{itemMealName,jdbcType=VARCHAR},
      </if>
      <if test="picPath != null">
        pic_path = #{picPath,jdbcType=VARCHAR},
      </if>
      <if test="sellerNick != null">
        seller_nick = #{sellerNick,jdbcType=VARCHAR},
      </if>
      <if test="buyerNick != null">
        buyer_nick = #{buyerNick,jdbcType=VARCHAR},
      </if>
      <if test="refundStatus != null">
        refund_status = #{refundStatus,jdbcType=VARCHAR},
      </if>
      <if test="outerIid != null">
        outer_iid = #{outerIid,jdbcType=VARCHAR},
      </if>
      <if test="snapshotUrl != null">
        snapshot_url = #{snapshotUrl,jdbcType=VARCHAR},
      </if>
      <if test="snapshot != null">
        snapshot = #{snapshot,jdbcType=VARCHAR},
      </if>
      <if test="timeoutActionTime != null">
        timeout_action_time = #{timeoutActionTime,jdbcType=DATE},
      </if>
      <if test="buyerRate != null">
        buyer_rate = #{buyerRate,jdbcType=BIT},
      </if>
      <if test="sellerRate != null">
        seller_rate = #{sellerRate,jdbcType=BIT},
      </if>
      <if test="sellerType != null">
        seller_type = #{sellerType,jdbcType=VARCHAR},
      </if>
      <if test="cid != null">
        cid = #{cid,jdbcType=INTEGER},
      </if>
      <if test="subOrderTaxFee != null">
        sub_order_tax_fee = #{subOrderTaxFee,jdbcType=VARCHAR},
      </if>
      <if test="subOrderTaxRate != null">
        sub_order_tax_rate = #{subOrderTaxRate,jdbcType=VARCHAR},
      </if>
      <if test="estimateContime != null">
        estimate_conTime = #{estimateContime,jdbcType=VARCHAR},
      </if>
      <if test="oid != null">
        oid = #{oid,jdbcType=INTEGER},
      </if>
      <if test="status != null">
        status = #{status,jdbcType=VARCHAR},
      </if>
      <if test="title != null">
        title = #{title,jdbcType=VARCHAR},
      </if>
      <if test="type != null">
        type = #{type,jdbcType=VARCHAR},
      </if>
      <if test="iid != null">
        iid = #{iid,jdbcType=VARCHAR},
      </if>
      <if test="price != null">
        price = #{price,jdbcType=VARCHAR},
      </if>
      <if test="numIid != null">
        num_Iid = #{numIid,jdbcType=INTEGER},
      </if>
      <if test="itemMealId != null">
        item_meal_Id = #{itemMealId,jdbcType=VARCHAR},
      </if>
      <if test="skuId != null">
        sku_id = #{skuId,jdbcType=VARCHAR},
      </if>
      <if test="num != null">
        num = #{num,jdbcType=INTEGER},
      </if>
      <if test="outerSkuid != null">
        outer_skuId = #{outerSkuid,jdbcType=VARCHAR},
      </if>
      <if test="orderFrom != null">
        order_from = #{orderFrom,jdbcType=VARCHAR},
      </if>
      <if test="totalFee != null">
        total_fee = #{totalFee,jdbcType=DOUBLE},
      </if>
      <if test="payment != null">
        payment = #{payment,jdbcType=DOUBLE},
      </if>
      <if test="discountFee != null">
        discount_fee = #{discountFee,jdbcType=DOUBLE},
      </if>
      <if test="adjustFee != null">
        adjust_fee = #{adjustFee,jdbcType=DOUBLE},
      </if>
      <if test="modified != null">
        modified = #{modified,jdbcType=DATE},
      </if>
      <if test="skuPropertiesName != null">
        sku_properties_name = #{skuPropertiesName,jdbcType=VARCHAR},
      </if>
      <if test="refundId != null">
        refund_id = #{refundId,jdbcType=VARCHAR},
      </if>
      <if test="isoversold != null">
        isOversold = #{isoversold,jdbcType=VARCHAR},
      </if>
      <if test="isServiceorder != null">
        is_serviceOrder = #{isServiceorder,jdbcType=VARCHAR},
      </if>
      <if test="endTime != null">
        end_time = #{endTime,jdbcType=DATE},
      </if>
      <if test="consignTime != null">
        consign_time = #{consignTime,jdbcType=DATE},
      </if>
    </set>
    where id = #{id,jdbcType=INTEGER}
  </update>
  <update id="updateByPrimaryKey" parameterType="com.ycxy.wdgj.taobao.domain.OnlineOrder">
    <!--
      WARNING - @mbg.generated
      This element is automatically generated by MyBatis Generator, do not modify.
      This element was generated on Sun Mar 04 14:04:44 CST 2018.
    -->
    update online_order
    set item_meal_name = #{itemMealName,jdbcType=VARCHAR},
      pic_path = #{picPath,jdbcType=VARCHAR},
      seller_nick = #{sellerNick,jdbcType=VARCHAR},
      buyer_nick = #{buyerNick,jdbcType=VARCHAR},
      refund_status = #{refundStatus,jdbcType=VARCHAR},
      outer_iid = #{outerIid,jdbcType=VARCHAR},
      snapshot_url = #{snapshotUrl,jdbcType=VARCHAR},
      snapshot = #{snapshot,jdbcType=VARCHAR},
      timeout_action_time = #{timeoutActionTime,jdbcType=DATE},
      buyer_rate = #{buyerRate,jdbcType=BIT},
      seller_rate = #{sellerRate,jdbcType=BIT},
      seller_type = #{sellerType,jdbcType=VARCHAR},
      cid = #{cid,jdbcType=INTEGER},
      sub_order_tax_fee = #{subOrderTaxFee,jdbcType=VARCHAR},
      sub_order_tax_rate = #{subOrderTaxRate,jdbcType=VARCHAR},
      estimate_conTime = #{estimateContime,jdbcType=VARCHAR},
      oid = #{oid,jdbcType=INTEGER},
      status = #{status,jdbcType=VARCHAR},
      title = #{title,jdbcType=VARCHAR},
      type = #{type,jdbcType=VARCHAR},
      iid = #{iid,jdbcType=VARCHAR},
      price = #{price,jdbcType=VARCHAR},
      num_Iid = #{numIid,jdbcType=INTEGER},
      item_meal_Id = #{itemMealId,jdbcType=VARCHAR},
      sku_id = #{skuId,jdbcType=VARCHAR},
      num = #{num,jdbcType=INTEGER},
      outer_skuId = #{outerSkuid,jdbcType=VARCHAR},
      order_from = #{orderFrom,jdbcType=VARCHAR},
      total_fee = #{totalFee,jdbcType=DOUBLE},
      payment = #{payment,jdbcType=DOUBLE},
      discount_fee = #{discountFee,jdbcType=DOUBLE},
      adjust_fee = #{adjustFee,jdbcType=DOUBLE},
      modified = #{modified,jdbcType=DATE},
      sku_properties_name = #{skuPropertiesName,jdbcType=VARCHAR},
      refund_id = #{refundId,jdbcType=VARCHAR},
      isOversold = #{isoversold,jdbcType=VARCHAR},
      is_serviceOrder = #{isServiceorder,jdbcType=VARCHAR},
      end_time = #{endTime,jdbcType=DATE},
      consign_time = #{consignTime,jdbcType=DATE}
    where id = #{id,jdbcType=INTEGER}
  </update>
</mapper>