<?xml version="1.0" encoding="UTF-8"?>
<!DOCTYPE mapper PUBLIC "-//mybatis.org//DTD Mapper 3.0//EN" "http://mybatis.org/dtd/mybatis-3-mapper.dtd">
<mapper namespace="com.ycxy.wdgj.dao.OnlineTradeMapper">
  <resultMap id="BaseResultMap" type="com.ycxy.wdgj.taobao.domain.OnlineTrade">
    <!--
      WARNING - @mbg.generated
      This element is automatically generated by MyBatis Generator, do not modify.
      This element was generated on Sun Mar 04 14:04:44 CST 2018.
    -->
    <id column="id" jdbcType="INTEGER" property="id" />
    <result column="seller_nick" jdbcType="VARCHAR" property="sellerNick" />
    <result column="pic_path" jdbcType="VARCHAR" property="picPath" />
    <result column="payment" jdbcType="VARCHAR" property="payment" />
    <result column="seller_rate" jdbcType="BIT" property="sellerRate" />
    <result column="post_fee" jdbcType="DOUBLE" property="postFee" />
    <result column="receiver_name" jdbcType="VARCHAR" property="receiverName" />
    <result column="receiver_state" jdbcType="VARCHAR" property="receiverState" />
    <result column="receiver_address" jdbcType="VARCHAR" property="receiverAddress" />
    <result column="receiver_zip" jdbcType="VARCHAR" property="receiverZip" />
    <result column="receiver_mobile" jdbcType="VARCHAR" property="receiverMobile" />
    <result column="receiver_phone" jdbcType="VARCHAR" property="receiverPhone" />
    <result column="consign_time" jdbcType="VARCHAR" property="consignTime" />
    <result column="received_payment" jdbcType="VARCHAR" property="receivedPayment" />
    <result column="receiver_country" jdbcType="VARCHAR" property="receiverCountry" />
    <result column="receiver_town" jdbcType="VARCHAR" property="receiverTown" />
    <result column="order_tax_fee" jdbcType="VARCHAR" property="orderTaxFee" />
    <result column="shop_pick" jdbcType="VARCHAR" property="shopPick" />
    <result column="tid" jdbcType="VARCHAR" property="tid" />
    <result column="num" jdbcType="INTEGER" property="num" />
    <result column="numIid" jdbcType="INTEGER" property="numiid" />
    <result column="status" jdbcType="VARCHAR" property="status" />
    <result column="title" jdbcType="VARCHAR" property="title" />
    <result column="type" jdbcType="VARCHAR" property="type" />
    <result column="price" jdbcType="DOUBLE" property="price" />
    <result column="discount_fee" jdbcType="DOUBLE" property="discountFee" />
    <result column="total_fee" jdbcType="DOUBLE" property="totalFee" />
    <result column="created" jdbcType="DATE" property="created" />
    <result column="pay_time" jdbcType="DATE" property="payTime" />
    <result column="modified" jdbcType="DATE" property="modified" />
    <result column="end_time" jdbcType="DATE" property="endTime" />
    <result column="seller_flag" jdbcType="VARCHAR" property="sellerFlag" />
    <result column="buyer_nick" jdbcType="VARCHAR" property="buyerNick" />
    <result column="has_buyer_message" jdbcType="VARCHAR" property="hasBuyerMessage" />
    <result column="credit_card_fee" jdbcType="DOUBLE" property="creditCardFee" />
    <result column="step_trade_status" jdbcType="VARCHAR" property="stepTradeStatus" />
    <result column="step_paid_fee" jdbcType="DOUBLE" property="stepPaidFee" />
    <result column="mark_desc" jdbcType="VARCHAR" property="markDesc" />
    <result column="shipping_type" jdbcType="VARCHAR" property="shippingType" />
    <result column="adjust_fee" jdbcType="DOUBLE" property="adjustFee" />
    <result column="trade_from" jdbcType="VARCHAR" property="tradeFrom" />
    <result column="buyer_rate" jdbcType="BIT" property="buyerRate" />
    <result column="receiver_city" jdbcType="VARCHAR" property="receiverCity" />
    <result column="receiver_district" jdbcType="VARCHAR" property="receiverDistrict" />
    <result column="o2o" jdbcType="VARCHAR" property="o2o" />
    <result column="o2o_guide_id" jdbcType="VARCHAR" property="o2oGuideId" />
    <result column="o2o_shop_id" jdbcType="VARCHAR" property="o2oShopId" />
    <result column="o2o_guide_name" jdbcType="VARCHAR" property="o2oGuideName" />
    <result column="o2o_shop_name" jdbcType="VARCHAR" property="o2oShopName" />
    <result column="o2o_delivery" jdbcType="VARCHAR" property="o2oDelivery" />
    <result column="rx_audit_status" jdbcType="VARCHAR" property="rxAuditStatus" />
    <result column="post_gate_declare" jdbcType="BIT" property="postGateDeclare" />
    <result column="cross_bonded_declare" jdbcType="BIT" property="crossBondedDeclare" />
    <result column="order_tax_promotion_fee" jdbcType="VARCHAR" property="orderTaxPromotionFee" />
    <result column="service_type" jdbcType="VARCHAR" property="serviceType" />
  </resultMap>
  <sql id="Example_Where_Clause">
    <!--
      WARNING - @mbg.generated
      This element is automatically generated by MyBatis Generator, do not modify.
      This element was generated on Sun Mar 04 14:04:44 CST 2018.
    -->
    <where>
      <foreach collection="oredCriteria" item="criteria" separator="or">
        <if test="criteria.valid">
          <trim prefix="(" prefixOverrides="and" suffix=")">
            <foreach collection="criteria.criteria" item="criterion">
              <choose>
                <when test="criterion.noValue">
                  and ${criterion.condition}
                </when>
                <when test="criterion.singleValue">
                  and ${criterion.condition} #{criterion.value}
                </when>
                <when test="criterion.betweenValue">
                  and ${criterion.condition} #{criterion.value} and #{criterion.secondValue}
                </when>
                <when test="criterion.listValue">
                  and ${criterion.condition}
                  <foreach close=")" collection="criterion.value" item="listItem" open="(" separator=",">
                    #{listItem}
                  </foreach>
                </when>
              </choose>
            </foreach>
          </trim>
        </if>
      </foreach>
    </where>
  </sql>
  <sql id="Update_By_Example_Where_Clause">
    <!--
      WARNING - @mbg.generated
      This element is automatically generated by MyBatis Generator, do not modify.
      This element was generated on Sun Mar 04 14:04:44 CST 2018.
    -->
    <where>
      <foreach collection="example.oredCriteria" item="criteria" separator="or">
        <if test="criteria.valid">
          <trim prefix="(" prefixOverrides="and" suffix=")">
            <foreach collection="criteria.criteria" item="criterion">
              <choose>
                <when test="criterion.noValue">
                  and ${criterion.condition}
                </when>
                <when test="criterion.singleValue">
                  and ${criterion.condition} #{criterion.value}
                </when>
                <when test="criterion.betweenValue">
                  and ${criterion.condition} #{criterion.value} and #{criterion.secondValue}
                </when>
                <when test="criterion.listValue">
                  and ${criterion.condition}
                  <foreach close=")" collection="criterion.value" item="listItem" open="(" separator=",">
                    #{listItem}
                  </foreach>
                </when>
              </choose>
            </foreach>
          </trim>
        </if>
      </foreach>
    </where>
  </sql>
  <sql id="Base_Column_List">
    <!--
      WARNING - @mbg.generated
      This element is automatically generated by MyBatis Generator, do not modify.
      This element was generated on Sun Mar 04 14:04:44 CST 2018.
    -->
    id, seller_nick, pic_path, payment, seller_rate, post_fee, receiver_name, receiver_state, 
    receiver_address, receiver_zip, receiver_mobile, receiver_phone, consign_time, received_payment, 
    receiver_country, receiver_town, order_tax_fee, shop_pick, tid, num, numIid, status, 
    title, type, price, discount_fee, total_fee, created, pay_time, modified, end_time, 
    seller_flag, buyer_nick, has_buyer_message, credit_card_fee, step_trade_status, step_paid_fee, 
    mark_desc, shipping_type, adjust_fee, trade_from, buyer_rate, receiver_city, receiver_district, 
    o2o, o2o_guide_id, o2o_shop_id, o2o_guide_name, o2o_shop_name, o2o_delivery, rx_audit_status, 
    post_gate_declare, cross_bonded_declare, order_tax_promotion_fee, service_type
  </sql>
  <select id="selectByExample" parameterType="com.ycxy.wdgj.taobao.domain.OnlineTradeExample" resultMap="BaseResultMap">
    <!--
      WARNING - @mbg.generated
      This element is automatically generated by MyBatis Generator, do not modify.
      This element was generated on Sun Mar 04 14:04:44 CST 2018.
    -->
    select
    <if test="distinct">
      distinct
    </if>
    <include refid="Base_Column_List" />
    from online_trade
    <if test="_parameter != null">
      <include refid="Example_Where_Clause" />
    </if>
    <if test="orderByClause != null">
      order by ${orderByClause}
    </if>
  </select>
  <select id="selectByPrimaryKey" parameterType="java.lang.Integer" resultMap="BaseResultMap">
    <!--
      WARNING - @mbg.generated
      This element is automatically generated by MyBatis Generator, do not modify.
      This element was generated on Sun Mar 04 14:04:44 CST 2018.
    -->
    select 
    <include refid="Base_Column_List" />
    from online_trade
    where id = #{id,jdbcType=INTEGER}
  </select>
  <delete id="deleteByPrimaryKey" parameterType="java.lang.Integer">
    <!--
      WARNING - @mbg.generated
      This element is automatically generated by MyBatis Generator, do not modify.
      This element was generated on Sun Mar 04 14:04:44 CST 2018.
    -->
    delete from online_trade
    where id = #{id,jdbcType=INTEGER}
  </delete>
  <delete id="deleteByExample" parameterType="com.ycxy.wdgj.taobao.domain.OnlineTradeExample">
    <!--
      WARNING - @mbg.generated
      This element is automatically generated by MyBatis Generator, do not modify.
      This element was generated on Sun Mar 04 14:04:44 CST 2018.
    -->
    delete from online_trade
    <if test="_parameter != null">
      <include refid="Example_Where_Clause" />
    </if>
  </delete>
  <insert id="insert" parameterType="com.ycxy.wdgj.taobao.domain.OnlineTrade">
    <!--
      WARNING - @mbg.generated
      This element is automatically generated by MyBatis Generator, do not modify.
      This element was generated on Sun Mar 04 14:04:44 CST 2018.
    -->
    insert into online_trade (id, seller_nick, pic_path, 
      payment, seller_rate, post_fee, 
      receiver_name, receiver_state, receiver_address, 
      receiver_zip, receiver_mobile, receiver_phone, 
      consign_time, received_payment, receiver_country, 
      receiver_town, order_tax_fee, shop_pick, 
      tid, num, numIid, status, 
      title, type, price, 
      discount_fee, total_fee, created, 
      pay_time, modified, end_time, 
      seller_flag, buyer_nick, has_buyer_message, 
      credit_card_fee, step_trade_status, step_paid_fee, 
      mark_desc, shipping_type, adjust_fee, 
      trade_from, buyer_rate, receiver_city, 
      receiver_district, o2o, o2o_guide_id, 
      o2o_shop_id, o2o_guide_name, o2o_shop_name, 
      o2o_delivery, rx_audit_status, post_gate_declare, 
      cross_bonded_declare, order_tax_promotion_fee, service_type
      )
    values (#{id,jdbcType=INTEGER}, #{sellerNick,jdbcType=VARCHAR}, #{picPath,jdbcType=VARCHAR}, 
      #{payment,jdbcType=VARCHAR}, #{sellerRate,jdbcType=BIT}, #{postFee,jdbcType=DOUBLE}, 
      #{receiverName,jdbcType=VARCHAR}, #{receiverState,jdbcType=VARCHAR}, #{receiverAddress,jdbcType=VARCHAR}, 
      #{receiverZip,jdbcType=VARCHAR}, #{receiverMobile,jdbcType=VARCHAR}, #{receiverPhone,jdbcType=VARCHAR}, 
      #{consignTime,jdbcType=VARCHAR}, #{receivedPayment,jdbcType=VARCHAR}, #{receiverCountry,jdbcType=VARCHAR}, 
      #{receiverTown,jdbcType=VARCHAR}, #{orderTaxFee,jdbcType=VARCHAR}, #{shopPick,jdbcType=VARCHAR}, 
      #{tid,jdbcType=VARCHAR}, #{num,jdbcType=INTEGER}, #{numiid,jdbcType=INTEGER}, #{status,jdbcType=VARCHAR}, 
      #{title,jdbcType=VARCHAR}, #{type,jdbcType=VARCHAR}, #{price,jdbcType=DOUBLE}, 
      #{discountFee,jdbcType=DOUBLE}, #{totalFee,jdbcType=DOUBLE}, #{created,jdbcType=DATE}, 
      #{payTime,jdbcType=DATE}, #{modified,jdbcType=DATE}, #{endTime,jdbcType=DATE}, 
      #{sellerFlag,jdbcType=VARCHAR}, #{buyerNick,jdbcType=VARCHAR}, #{hasBuyerMessage,jdbcType=VARCHAR}, 
      #{creditCardFee,jdbcType=DOUBLE}, #{stepTradeStatus,jdbcType=VARCHAR}, #{stepPaidFee,jdbcType=DOUBLE}, 
      #{markDesc,jdbcType=VARCHAR}, #{shippingType,jdbcType=VARCHAR}, #{adjustFee,jdbcType=DOUBLE}, 
      #{tradeFrom,jdbcType=VARCHAR}, #{buyerRate,jdbcType=BIT}, #{receiverCity,jdbcType=VARCHAR}, 
      #{receiverDistrict,jdbcType=VARCHAR}, #{o2o,jdbcType=VARCHAR}, #{o2oGuideId,jdbcType=VARCHAR}, 
      #{o2oShopId,jdbcType=VARCHAR}, #{o2oGuideName,jdbcType=VARCHAR}, #{o2oShopName,jdbcType=VARCHAR}, 
      #{o2oDelivery,jdbcType=VARCHAR}, #{rxAuditStatus,jdbcType=VARCHAR}, #{postGateDeclare,jdbcType=BIT}, 
      #{crossBondedDeclare,jdbcType=BIT}, #{orderTaxPromotionFee,jdbcType=VARCHAR}, #{serviceType,jdbcType=VARCHAR}
      )
  </insert>
  <insert id="insertSelective" parameterType="com.ycxy.wdgj.taobao.domain.OnlineTrade">
    <!--
      WARNING - @mbg.generated
      This element is automatically generated by MyBatis Generator, do not modify.
      This element was generated on Sun Mar 04 14:04:44 CST 2018.
    -->
    insert into online_trade
    <trim prefix="(" suffix=")" suffixOverrides=",">
      <if test="id != null">
        id,
      </if>
      <if test="sellerNick != null">
        seller_nick,
      </if>
      <if test="picPath != null">
        pic_path,
      </if>
      <if test="payment != null">
        payment,
      </if>
      <if test="sellerRate != null">
        seller_rate,
      </if>
      <if test="postFee != null">
        post_fee,
      </if>
      <if test="receiverName != null">
        receiver_name,
      </if>
      <if test="receiverState != null">
        receiver_state,
      </if>
      <if test="receiverAddress != null">
        receiver_address,
      </if>
      <if test="receiverZip != null">
        receiver_zip,
      </if>
      <if test="receiverMobile != null">
        receiver_mobile,
      </if>
      <if test="receiverPhone != null">
        receiver_phone,
      </if>
      <if test="consignTime != null">
        consign_time,
      </if>
      <if test="receivedPayment != null">
        received_payment,
      </if>
      <if test="receiverCountry != null">
        receiver_country,
      </if>
      <if test="receiverTown != null">
        receiver_town,
      </if>
      <if test="orderTaxFee != null">
        order_tax_fee,
      </if>
      <if test="shopPick != null">
        shop_pick,
      </if>
      <if test="tid != null">
        tid,
      </if>
      <if test="num != null">
        num,
      </if>
      <if test="numiid != null">
        numIid,
      </if>
      <if test="status != null">
        status,
      </if>
      <if test="title != null">
        title,
      </if>
      <if test="type != null">
        type,
      </if>
      <if test="price != null">
        price,
      </if>
      <if test="discountFee != null">
        discount_fee,
      </if>
      <if test="totalFee != null">
        total_fee,
      </if>
      <if test="created != null">
        created,
      </if>
      <if test="payTime != null">
        pay_time,
      </if>
      <if test="modified != null">
        modified,
      </if>
      <if test="endTime != null">
        end_time,
      </if>
      <if test="sellerFlag != null">
        seller_flag,
      </if>
      <if test="buyerNick != null">
        buyer_nick,
      </if>
      <if test="hasBuyerMessage != null">
        has_buyer_message,
      </if>
      <if test="creditCardFee != null">
        credit_card_fee,
      </if>
      <if test="stepTradeStatus != null">
        step_trade_status,
      </if>
      <if test="stepPaidFee != null">
        step_paid_fee,
      </if>
      <if test="markDesc != null">
        mark_desc,
      </if>
      <if test="shippingType != null">
        shipping_type,
      </if>
      <if test="adjustFee != null">
        adjust_fee,
      </if>
      <if test="tradeFrom != null">
        trade_from,
      </if>
      <if test="buyerRate != null">
        buyer_rate,
      </if>
      <if test="receiverCity != null">
        receiver_city,
      </if>
      <if test="receiverDistrict != null">
        receiver_district,
      </if>
      <if test="o2o != null">
        o2o,
      </if>
      <if test="o2oGuideId != null">
        o2o_guide_id,
      </if>
      <if test="o2oShopId != null">
        o2o_shop_id,
      </if>
      <if test="o2oGuideName != null">
        o2o_guide_name,
      </if>
      <if test="o2oShopName != null">
        o2o_shop_name,
      </if>
      <if test="o2oDelivery != null">
        o2o_delivery,
      </if>
      <if test="rxAuditStatus != null">
        rx_audit_status,
      </if>
      <if test="postGateDeclare != null">
        post_gate_declare,
      </if>
      <if test="crossBondedDeclare != null">
        cross_bonded_declare,
      </if>
      <if test="orderTaxPromotionFee != null">
        order_tax_promotion_fee,
      </if>
      <if test="serviceType != null">
        service_type,
      </if>
    </trim>
    <trim prefix="values (" suffix=")" suffixOverrides=",">
      <if test="id != null">
        #{id,jdbcType=INTEGER},
      </if>
      <if test="sellerNick != null">
        #{sellerNick,jdbcType=VARCHAR},
      </if>
      <if test="picPath != null">
        #{picPath,jdbcType=VARCHAR},
      </if>
      <if test="payment != null">
        #{payment,jdbcType=VARCHAR},
      </if>
      <if test="sellerRate != null">
        #{sellerRate,jdbcType=BIT},
      </if>
      <if test="postFee != null">
        #{postFee,jdbcType=DOUBLE},
      </if>
      <if test="receiverName != null">
        #{receiverName,jdbcType=VARCHAR},
      </if>
      <if test="receiverState != null">
        #{receiverState,jdbcType=VARCHAR},
      </if>
      <if test="receiverAddress != null">
        #{receiverAddress,jdbcType=VARCHAR},
      </if>
      <if test="receiverZip != null">
        #{receiverZip,jdbcType=VARCHAR},
      </if>
      <if test="receiverMobile != null">
        #{receiverMobile,jdbcType=VARCHAR},
      </if>
      <if test="receiverPhone != null">
        #{receiverPhone,jdbcType=VARCHAR},
      </if>
      <if test="consignTime != null">
        #{consignTime,jdbcType=VARCHAR},
      </if>
      <if test="receivedPayment != null">
        #{receivedPayment,jdbcType=VARCHAR},
      </if>
      <if test="receiverCountry != null">
        #{receiverCountry,jdbcType=VARCHAR},
      </if>
      <if test="receiverTown != null">
        #{receiverTown,jdbcType=VARCHAR},
      </if>
      <if test="orderTaxFee != null">
        #{orderTaxFee,jdbcType=VARCHAR},
      </if>
      <if test="shopPick != null">
        #{shopPick,jdbcType=VARCHAR},
      </if>
      <if test="tid != null">
        #{tid,jdbcType=VARCHAR},
      </if>
      <if test="num != null">
        #{num,jdbcType=INTEGER},
      </if>
      <if test="numiid != null">
        #{numiid,jdbcType=INTEGER},
      </if>
      <if test="status != null">
        #{status,jdbcType=VARCHAR},
      </if>
      <if test="title != null">
        #{title,jdbcType=VARCHAR},
      </if>
      <if test="type != null">
        #{type,jdbcType=VARCHAR},
      </if>
      <if test="price != null">
        #{price,jdbcType=DOUBLE},
      </if>
      <if test="discountFee != null">
        #{discountFee,jdbcType=DOUBLE},
      </if>
      <if test="totalFee != null">
        #{totalFee,jdbcType=DOUBLE},
      </if>
      <if test="created != null">
        #{created,jdbcType=DATE},
      </if>
      <if test="payTime != null">
        #{payTime,jdbcType=DATE},
      </if>
      <if test="modified != null">
        #{modified,jdbcType=DATE},
      </if>
      <if test="endTime != null">
        #{endTime,jdbcType=DATE},
      </if>
      <if test="sellerFlag != null">
        #{sellerFlag,jdbcType=VARCHAR},
      </if>
      <if test="buyerNick != null">
        #{buyerNick,jdbcType=VARCHAR},
      </if>
      <if test="hasBuyerMessage != null">
        #{hasBuyerMessage,jdbcType=VARCHAR},
      </if>
      <if test="creditCardFee != null">
        #{creditCardFee,jdbcType=DOUBLE},
      </if>
      <if test="stepTradeStatus != null">
        #{stepTradeStatus,jdbcType=VARCHAR},
      </if>
      <if test="stepPaidFee != null">
        #{stepPaidFee,jdbcType=DOUBLE},
      </if>
      <if test="markDesc != null">
        #{markDesc,jdbcType=VARCHAR},
      </if>
      <if test="shippingType != null">
        #{shippingType,jdbcType=VARCHAR},
      </if>
      <if test="adjustFee != null">
        #{adjustFee,jdbcType=DOUBLE},
      </if>
      <if test="tradeFrom != null">
        #{tradeFrom,jdbcType=VARCHAR},
      </if>
      <if test="buyerRate != null">
        #{buyerRate,jdbcType=BIT},
      </if>
      <if test="receiverCity != null">
        #{receiverCity,jdbcType=VARCHAR},
      </if>
      <if test="receiverDistrict != null">
        #{receiverDistrict,jdbcType=VARCHAR},
      </if>
      <if test="o2o != null">
        #{o2o,jdbcType=VARCHAR},
      </if>
      <if test="o2oGuideId != null">
        #{o2oGuideId,jdbcType=VARCHAR},
      </if>
      <if test="o2oShopId != null">
        #{o2oShopId,jdbcType=VARCHAR},
      </if>
      <if test="o2oGuideName != null">
        #{o2oGuideName,jdbcType=VARCHAR},
      </if>
      <if test="o2oShopName != null">
        #{o2oShopName,jdbcType=VARCHAR},
      </if>
      <if test="o2oDelivery != null">
        #{o2oDelivery,jdbcType=VARCHAR},
      </if>
      <if test="rxAuditStatus != null">
        #{rxAuditStatus,jdbcType=VARCHAR},
      </if>
      <if test="postGateDeclare != null">
        #{postGateDeclare,jdbcType=BIT},
      </if>
      <if test="crossBondedDeclare != null">
        #{crossBondedDeclare,jdbcType=BIT},
      </if>
      <if test="orderTaxPromotionFee != null">
        #{orderTaxPromotionFee,jdbcType=VARCHAR},
      </if>
      <if test="serviceType != null">
        #{serviceType,jdbcType=VARCHAR},
      </if>
    </trim>
  </insert>
  <select id="countByExample" parameterType="com.ycxy.wdgj.taobao.domain.OnlineTradeExample" resultType="java.lang.Long">
    <!--
      WARNING - @mbg.generated
      This element is automatically generated by MyBatis Generator, do not modify.
      This element was generated on Sun Mar 04 14:04:44 CST 2018.
    -->
    select count(*) from online_trade
    <if test="_parameter != null">
      <include refid="Example_Where_Clause" />
    </if>
  </select>
  <update id="updateByExampleSelective" parameterType="map">
    <!--
      WARNING - @mbg.generated
      This element is automatically generated by MyBatis Generator, do not modify.
      This element was generated on Sun Mar 04 14:04:44 CST 2018.
    -->
    update online_trade
    <set>
      <if test="record.id != null">
        id = #{record.id,jdbcType=INTEGER},
      </if>
      <if test="record.sellerNick != null">
        seller_nick = #{record.sellerNick,jdbcType=VARCHAR},
      </if>
      <if test="record.picPath != null">
        pic_path = #{record.picPath,jdbcType=VARCHAR},
      </if>
      <if test="record.payment != null">
        payment = #{record.payment,jdbcType=VARCHAR},
      </if>
      <if test="record.sellerRate != null">
        seller_rate = #{record.sellerRate,jdbcType=BIT},
      </if>
      <if test="record.postFee != null">
        post_fee = #{record.postFee,jdbcType=DOUBLE},
      </if>
      <if test="record.receiverName != null">
        receiver_name = #{record.receiverName,jdbcType=VARCHAR},
      </if>
      <if test="record.receiverState != null">
        receiver_state = #{record.receiverState,jdbcType=VARCHAR},
      </if>
      <if test="record.receiverAddress != null">
        receiver_address = #{record.receiverAddress,jdbcType=VARCHAR},
      </if>
      <if test="record.receiverZip != null">
        receiver_zip = #{record.receiverZip,jdbcType=VARCHAR},
      </if>
      <if test="record.receiverMobile != null">
        receiver_mobile = #{record.receiverMobile,jdbcType=VARCHAR},
      </if>
      <if test="record.receiverPhone != null">
        receiver_phone = #{record.receiverPhone,jdbcType=VARCHAR},
      </if>
      <if test="record.consignTime != null">
        consign_time = #{record.consignTime,jdbcType=VARCHAR},
      </if>
      <if test="record.receivedPayment != null">
        received_payment = #{record.receivedPayment,jdbcType=VARCHAR},
      </if>
      <if test="record.receiverCountry != null">
        receiver_country = #{record.receiverCountry,jdbcType=VARCHAR},
      </if>
      <if test="record.receiverTown != null">
        receiver_town = #{record.receiverTown,jdbcType=VARCHAR},
      </if>
      <if test="record.orderTaxFee != null">
        order_tax_fee = #{record.orderTaxFee,jdbcType=VARCHAR},
      </if>
      <if test="record.shopPick != null">
        shop_pick = #{record.shopPick,jdbcType=VARCHAR},
      </if>
      <if test="record.tid != null">
        tid = #{record.tid,jdbcType=VARCHAR},
      </if>
      <if test="record.num != null">
        num = #{record.num,jdbcType=INTEGER},
      </if>
      <if test="record.numiid != null">
        numIid = #{record.numiid,jdbcType=INTEGER},
      </if>
      <if test="record.status != null">
        status = #{record.status,jdbcType=VARCHAR},
      </if>
      <if test="record.title != null">
        title = #{record.title,jdbcType=VARCHAR},
      </if>
      <if test="record.type != null">
        type = #{record.type,jdbcType=VARCHAR},
      </if>
      <if test="record.price != null">
        price = #{record.price,jdbcType=DOUBLE},
      </if>
      <if test="record.discountFee != null">
        discount_fee = #{record.discountFee,jdbcType=DOUBLE},
      </if>
      <if test="record.totalFee != null">
        total_fee = #{record.totalFee,jdbcType=DOUBLE},
      </if>
      <if test="record.created != null">
        created = #{record.created,jdbcType=DATE},
      </if>
      <if test="record.payTime != null">
        pay_time = #{record.payTime,jdbcType=DATE},
      </if>
      <if test="record.modified != null">
        modified = #{record.modified,jdbcType=DATE},
      </if>
      <if test="record.endTime != null">
        end_time = #{record.endTime,jdbcType=DATE},
      </if>
      <if test="record.sellerFlag != null">
        seller_flag = #{record.sellerFlag,jdbcType=VARCHAR},
      </if>
      <if test="record.buyerNick != null">
        buyer_nick = #{record.buyerNick,jdbcType=VARCHAR},
      </if>
      <if test="record.hasBuyerMessage != null">
        has_buyer_message = #{record.hasBuyerMessage,jdbcType=VARCHAR},
      </if>
      <if test="record.creditCardFee != null">
        credit_card_fee = #{record.creditCardFee,jdbcType=DOUBLE},
      </if>
      <if test="record.stepTradeStatus != null">
        step_trade_status = #{record.stepTradeStatus,jdbcType=VARCHAR},
      </if>
      <if test="record.stepPaidFee != null">
        step_paid_fee = #{record.stepPaidFee,jdbcType=DOUBLE},
      </if>
      <if test="record.markDesc != null">
        mark_desc = #{record.markDesc,jdbcType=VARCHAR},
      </if>
      <if test="record.shippingType != null">
        shipping_type = #{record.shippingType,jdbcType=VARCHAR},
      </if>
      <if test="record.adjustFee != null">
        adjust_fee = #{record.adjustFee,jdbcType=DOUBLE},
      </if>
      <if test="record.tradeFrom != null">
        trade_from = #{record.tradeFrom,jdbcType=VARCHAR},
      </if>
      <if test="record.buyerRate != null">
        buyer_rate = #{record.buyerRate,jdbcType=BIT},
      </if>
      <if test="record.receiverCity != null">
        receiver_city = #{record.receiverCity,jdbcType=VARCHAR},
      </if>
      <if test="record.receiverDistrict != null">
        receiver_district = #{record.receiverDistrict,jdbcType=VARCHAR},
      </if>
      <if test="record.o2o != null">
        o2o = #{record.o2o,jdbcType=VARCHAR},
      </if>
      <if test="record.o2oGuideId != null">
        o2o_guide_id = #{record.o2oGuideId,jdbcType=VARCHAR},
      </if>
      <if test="record.o2oShopId != null">
        o2o_shop_id = #{record.o2oShopId,jdbcType=VARCHAR},
      </if>
      <if test="record.o2oGuideName != null">
        o2o_guide_name = #{record.o2oGuideName,jdbcType=VARCHAR},
      </if>
      <if test="record.o2oShopName != null">
        o2o_shop_name = #{record.o2oShopName,jdbcType=VARCHAR},
      </if>
      <if test="record.o2oDelivery != null">
        o2o_delivery = #{record.o2oDelivery,jdbcType=VARCHAR},
      </if>
      <if test="record.rxAuditStatus != null">
        rx_audit_status = #{record.rxAuditStatus,jdbcType=VARCHAR},
      </if>
      <if test="record.postGateDeclare != null">
        post_gate_declare = #{record.postGateDeclare,jdbcType=BIT},
      </if>
      <if test="record.crossBondedDeclare != null">
        cross_bonded_declare = #{record.crossBondedDeclare,jdbcType=BIT},
      </if>
      <if test="record.orderTaxPromotionFee != null">
        order_tax_promotion_fee = #{record.orderTaxPromotionFee,jdbcType=VARCHAR},
      </if>
      <if test="record.serviceType != null">
        service_type = #{record.serviceType,jdbcType=VARCHAR},
      </if>
    </set>
    <if test="_parameter != null">
      <include refid="Update_By_Example_Where_Clause" />
    </if>
  </update>
  <update id="updateByExample" parameterType="map">
    <!--
      WARNING - @mbg.generated
      This element is automatically generated by MyBatis Generator, do not modify.
      This element was generated on Sun Mar 04 14:04:44 CST 2018.
    -->
    update online_trade
    set id = #{record.id,jdbcType=INTEGER},
      seller_nick = #{record.sellerNick,jdbcType=VARCHAR},
      pic_path = #{record.picPath,jdbcType=VARCHAR},
      payment = #{record.payment,jdbcType=VARCHAR},
      seller_rate = #{record.sellerRate,jdbcType=BIT},
      post_fee = #{record.postFee,jdbcType=DOUBLE},
      receiver_name = #{record.receiverName,jdbcType=VARCHAR},
      receiver_state = #{record.receiverState,jdbcType=VARCHAR},
      receiver_address = #{record.receiverAddress,jdbcType=VARCHAR},
      receiver_zip = #{record.receiverZip,jdbcType=VARCHAR},
      receiver_mobile = #{record.receiverMobile,jdbcType=VARCHAR},
      receiver_phone = #{record.receiverPhone,jdbcType=VARCHAR},
      consign_time = #{record.consignTime,jdbcType=VARCHAR},
      received_payment = #{record.receivedPayment,jdbcType=VARCHAR},
      receiver_country = #{record.receiverCountry,jdbcType=VARCHAR},
      receiver_town = #{record.receiverTown,jdbcType=VARCHAR},
      order_tax_fee = #{record.orderTaxFee,jdbcType=VARCHAR},
      shop_pick = #{record.shopPick,jdbcType=VARCHAR},
      tid = #{record.tid,jdbcType=VARCHAR},
      num = #{record.num,jdbcType=INTEGER},
      numIid = #{record.numiid,jdbcType=INTEGER},
      status = #{record.status,jdbcType=VARCHAR},
      title = #{record.title,jdbcType=VARCHAR},
      type = #{record.type,jdbcType=VARCHAR},
      price = #{record.price,jdbcType=DOUBLE},
      discount_fee = #{record.discountFee,jdbcType=DOUBLE},
      total_fee = #{record.totalFee,jdbcType=DOUBLE},
      created = #{record.created,jdbcType=DATE},
      pay_time = #{record.payTime,jdbcType=DATE},
      modified = #{record.modified,jdbcType=DATE},
      end_time = #{record.endTime,jdbcType=DATE},
      seller_flag = #{record.sellerFlag,jdbcType=VARCHAR},
      buyer_nick = #{record.buyerNick,jdbcType=VARCHAR},
      has_buyer_message = #{record.hasBuyerMessage,jdbcType=VARCHAR},
      credit_card_fee = #{record.creditCardFee,jdbcType=DOUBLE},
      step_trade_status = #{record.stepTradeStatus,jdbcType=VARCHAR},
      step_paid_fee = #{record.stepPaidFee,jdbcType=DOUBLE},
      mark_desc = #{record.markDesc,jdbcType=VARCHAR},
      shipping_type = #{record.shippingType,jdbcType=VARCHAR},
      adjust_fee = #{record.adjustFee,jdbcType=DOUBLE},
      trade_from = #{record.tradeFrom,jdbcType=VARCHAR},
      buyer_rate = #{record.buyerRate,jdbcType=BIT},
      receiver_city = #{record.receiverCity,jdbcType=VARCHAR},
      receiver_district = #{record.receiverDistrict,jdbcType=VARCHAR},
      o2o = #{record.o2o,jdbcType=VARCHAR},
      o2o_guide_id = #{record.o2oGuideId,jdbcType=VARCHAR},
      o2o_shop_id = #{record.o2oShopId,jdbcType=VARCHAR},
      o2o_guide_name = #{record.o2oGuideName,jdbcType=VARCHAR},
      o2o_shop_name = #{record.o2oShopName,jdbcType=VARCHAR},
      o2o_delivery = #{record.o2oDelivery,jdbcType=VARCHAR},
      rx_audit_status = #{record.rxAuditStatus,jdbcType=VARCHAR},
      post_gate_declare = #{record.postGateDeclare,jdbcType=BIT},
      cross_bonded_declare = #{record.crossBondedDeclare,jdbcType=BIT},
      order_tax_promotion_fee = #{record.orderTaxPromotionFee,jdbcType=VARCHAR},
      service_type = #{record.serviceType,jdbcType=VARCHAR}
    <if test="_parameter != null">
      <include refid="Update_By_Example_Where_Clause" />
    </if>
  </update>
  <update id="updateByPrimaryKeySelective" parameterType="com.ycxy.wdgj.taobao.domain.OnlineTrade">
    <!--
      WARNING - @mbg.generated
      This element is automatically generated by MyBatis Generator, do not modify.
      This element was generated on Sun Mar 04 14:04:44 CST 2018.
    -->
    update online_trade
    <set>
      <if test="sellerNick != null">
        seller_nick = #{sellerNick,jdbcType=VARCHAR},
      </if>
      <if test="picPath != null">
        pic_path = #{picPath,jdbcType=VARCHAR},
      </if>
      <if test="payment != null">
        payment = #{payment,jdbcType=VARCHAR},
      </if>
      <if test="sellerRate != null">
        seller_rate = #{sellerRate,jdbcType=BIT},
      </if>
      <if test="postFee != null">
        post_fee = #{postFee,jdbcType=DOUBLE},
      </if>
      <if test="receiverName != null">
        receiver_name = #{receiverName,jdbcType=VARCHAR},
      </if>
      <if test="receiverState != null">
        receiver_state = #{receiverState,jdbcType=VARCHAR},
      </if>
      <if test="receiverAddress != null">
        receiver_address = #{receiverAddress,jdbcType=VARCHAR},
      </if>
      <if test="receiverZip != null">
        receiver_zip = #{receiverZip,jdbcType=VARCHAR},
      </if>
      <if test="receiverMobile != null">
        receiver_mobile = #{receiverMobile,jdbcType=VARCHAR},
      </if>
      <if test="receiverPhone != null">
        receiver_phone = #{receiverPhone,jdbcType=VARCHAR},
      </if>
      <if test="consignTime != null">
        consign_time = #{consignTime,jdbcType=VARCHAR},
      </if>
      <if test="receivedPayment != null">
        received_payment = #{receivedPayment,jdbcType=VARCHAR},
      </if>
      <if test="receiverCountry != null">
        receiver_country = #{receiverCountry,jdbcType=VARCHAR},
      </if>
      <if test="receiverTown != null">
        receiver_town = #{receiverTown,jdbcType=VARCHAR},
      </if>
      <if test="orderTaxFee != null">
        order_tax_fee = #{orderTaxFee,jdbcType=VARCHAR},
      </if>
      <if test="shopPick != null">
        shop_pick = #{shopPick,jdbcType=VARCHAR},
      </if>
      <if test="tid != null">
        tid = #{tid,jdbcType=VARCHAR},
      </if>
      <if test="num != null">
        num = #{num,jdbcType=INTEGER},
      </if>
      <if test="numiid != null">
        numIid = #{numiid,jdbcType=INTEGER},
      </if>
      <if test="status != null">
        status = #{status,jdbcType=VARCHAR},
      </if>
      <if test="title != null">
        title = #{title,jdbcType=VARCHAR},
      </if>
      <if test="type != null">
        type = #{type,jdbcType=VARCHAR},
      </if>
      <if test="price != null">
        price = #{price,jdbcType=DOUBLE},
      </if>
      <if test="discountFee != null">
        discount_fee = #{discountFee,jdbcType=DOUBLE},
      </if>
      <if test="totalFee != null">
        total_fee = #{totalFee,jdbcType=DOUBLE},
      </if>
      <if test="created != null">
        created = #{created,jdbcType=DATE},
      </if>
      <if test="payTime != null">
        pay_time = #{payTime,jdbcType=DATE},
      </if>
      <if test="modified != null">
        modified = #{modified,jdbcType=DATE},
      </if>
      <if test="endTime != null">
        end_time = #{endTime,jdbcType=DATE},
      </if>
      <if test="sellerFlag != null">
        seller_flag = #{sellerFlag,jdbcType=VARCHAR},
      </if>
      <if test="buyerNick != null">
        buyer_nick = #{buyerNick,jdbcType=VARCHAR},
      </if>
      <if test="hasBuyerMessage != null">
        has_buyer_message = #{hasBuyerMessage,jdbcType=VARCHAR},
      </if>
      <if test="creditCardFee != null">
        credit_card_fee = #{creditCardFee,jdbcType=DOUBLE},
      </if>
      <if test="stepTradeStatus != null">
        step_trade_status = #{stepTradeStatus,jdbcType=VARCHAR},
      </if>
      <if test="stepPaidFee != null">
        step_paid_fee = #{stepPaidFee,jdbcType=DOUBLE},
      </if>
      <if test="markDesc != null">
        mark_desc = #{markDesc,jdbcType=VARCHAR},
      </if>
      <if test="shippingType != null">
        shipping_type = #{shippingType,jdbcType=VARCHAR},
      </if>
      <if test="adjustFee != null">
        adjust_fee = #{adjustFee,jdbcType=DOUBLE},
      </if>
      <if test="tradeFrom != null">
        trade_from = #{tradeFrom,jdbcType=VARCHAR},
      </if>
      <if test="buyerRate != null">
        buyer_rate = #{buyerRate,jdbcType=BIT},
      </if>
      <if test="receiverCity != null">
        receiver_city = #{receiverCity,jdbcType=VARCHAR},
      </if>
      <if test="receiverDistrict != null">
        receiver_district = #{receiverDistrict,jdbcType=VARCHAR},
      </if>
      <if test="o2o != null">
        o2o = #{o2o,jdbcType=VARCHAR},
      </if>
      <if test="o2oGuideId != null">
        o2o_guide_id = #{o2oGuideId,jdbcType=VARCHAR},
      </if>
      <if test="o2oShopId != null">
        o2o_shop_id = #{o2oShopId,jdbcType=VARCHAR},
      </if>
      <if test="o2oGuideName != null">
        o2o_guide_name = #{o2oGuideName,jdbcType=VARCHAR},
      </if>
      <if test="o2oShopName != null">
        o2o_shop_name = #{o2oShopName,jdbcType=VARCHAR},
      </if>
      <if test="o2oDelivery != null">
        o2o_delivery = #{o2oDelivery,jdbcType=VARCHAR},
      </if>
      <if test="rxAuditStatus != null">
        rx_audit_status = #{rxAuditStatus,jdbcType=VARCHAR},
      </if>
      <if test="postGateDeclare != null">
        post_gate_declare = #{postGateDeclare,jdbcType=BIT},
      </if>
      <if test="crossBondedDeclare != null">
        cross_bonded_declare = #{crossBondedDeclare,jdbcType=BIT},
      </if>
      <if test="orderTaxPromotionFee != null">
        order_tax_promotion_fee = #{orderTaxPromotionFee,jdbcType=VARCHAR},
      </if>
      <if test="serviceType != null">
        service_type = #{serviceType,jdbcType=VARCHAR},
      </if>
    </set>
    where id = #{id,jdbcType=INTEGER}
  </update>
  <update id="updateByPrimaryKey" parameterType="com.ycxy.wdgj.taobao.domain.OnlineTrade">
    <!--
      WARNING - @mbg.generated
      This element is automatically generated by MyBatis Generator, do not modify.
      This element was generated on Sun Mar 04 14:04:44 CST 2018.
    -->
    update online_trade
    set seller_nick = #{sellerNick,jdbcType=VARCHAR},
      pic_path = #{picPath,jdbcType=VARCHAR},
      payment = #{payment,jdbcType=VARCHAR},
      seller_rate = #{sellerRate,jdbcType=BIT},
      post_fee = #{postFee,jdbcType=DOUBLE},
      receiver_name = #{receiverName,jdbcType=VARCHAR},
      receiver_state = #{receiverState,jdbcType=VARCHAR},
      receiver_address = #{receiverAddress,jdbcType=VARCHAR},
      receiver_zip = #{receiverZip,jdbcType=VARCHAR},
      receiver_mobile = #{receiverMobile,jdbcType=VARCHAR},
      receiver_phone = #{receiverPhone,jdbcType=VARCHAR},
      consign_time = #{consignTime,jdbcType=VARCHAR},
      received_payment = #{receivedPayment,jdbcType=VARCHAR},
      receiver_country = #{receiverCountry,jdbcType=VARCHAR},
      receiver_town = #{receiverTown,jdbcType=VARCHAR},
      order_tax_fee = #{orderTaxFee,jdbcType=VARCHAR},
      shop_pick = #{shopPick,jdbcType=VARCHAR},
      tid = #{tid,jdbcType=VARCHAR},
      num = #{num,jdbcType=INTEGER},
      numIid = #{numiid,jdbcType=INTEGER},
      status = #{status,jdbcType=VARCHAR},
      title = #{title,jdbcType=VARCHAR},
      type = #{type,jdbcType=VARCHAR},
      price = #{price,jdbcType=DOUBLE},
      discount_fee = #{discountFee,jdbcType=DOUBLE},
      total_fee = #{totalFee,jdbcType=DOUBLE},
      created = #{created,jdbcType=DATE},
      pay_time = #{payTime,jdbcType=DATE},
      modified = #{modified,jdbcType=DATE},
      end_time = #{endTime,jdbcType=DATE},
      seller_flag = #{sellerFlag,jdbcType=VARCHAR},
      buyer_nick = #{buyerNick,jdbcType=VARCHAR},
      has_buyer_message = #{hasBuyerMessage,jdbcType=VARCHAR},
      credit_card_fee = #{creditCardFee,jdbcType=DOUBLE},
      step_trade_status = #{stepTradeStatus,jdbcType=VARCHAR},
      step_paid_fee = #{stepPaidFee,jdbcType=DOUBLE},
      mark_desc = #{markDesc,jdbcType=VARCHAR},
      shipping_type = #{shippingType,jdbcType=VARCHAR},
      adjust_fee = #{adjustFee,jdbcType=DOUBLE},
      trade_from = #{tradeFrom,jdbcType=VARCHAR},
      buyer_rate = #{buyerRate,jdbcType=BIT},
      receiver_city = #{receiverCity,jdbcType=VARCHAR},
      receiver_district = #{receiverDistrict,jdbcType=VARCHAR},
      o2o = #{o2o,jdbcType=VARCHAR},
      o2o_guide_id = #{o2oGuideId,jdbcType=VARCHAR},
      o2o_shop_id = #{o2oShopId,jdbcType=VARCHAR},
      o2o_guide_name = #{o2oGuideName,jdbcType=VARCHAR},
      o2o_shop_name = #{o2oShopName,jdbcType=VARCHAR},
      o2o_delivery = #{o2oDelivery,jdbcType=VARCHAR},
      rx_audit_status = #{rxAuditStatus,jdbcType=VARCHAR},
      post_gate_declare = #{postGateDeclare,jdbcType=BIT},
      cross_bonded_declare = #{crossBondedDeclare,jdbcType=BIT},
      order_tax_promotion_fee = #{orderTaxPromotionFee,jdbcType=VARCHAR},
      service_type = #{serviceType,jdbcType=VARCHAR}
    where id = #{id,jdbcType=INTEGER}
  </update>
</mapper>