<?xml version="1.0" encoding="UTF-8"?>
<!DOCTYPE mapper PUBLIC "-//mybatis.org//DTD Mapper 3.0//EN" "http://mybatis.org/dtd/mybatis-3-mapper.dtd">
<mapper namespace="com.ycxy.wdgj.dao.ShopMapper">
  <resultMap id="BaseResultMap" type="com.ycxy.wdgj.model.Shop">
    <!--
      WARNING - @mbg.generated
      This element is automatically generated by MyBatis Generator, do not modify.
      This element was generated on Fri Feb 23 16:47:14 CST 2018.
    -->
    <id column="id" jdbcType="INTEGER" property="id" />
    <result column="shop_name" jdbcType="VARCHAR" property="shopName" />
    <result column="shop_id" jdbcType="BIGINT" property="shopId" />
    <result column="last_download_time" jdbcType="TIMESTAMP" property="lastDownloadTime" />
    <result column="auth_code" jdbcType="VARCHAR" property="authCode" />
    <result column="gmt_create" jdbcType="TIMESTAMP" property="gmtCreate" />
    <result column="gmt_modified" jdbcType="TIMESTAMP" property="gmtModified" />
    <result column="user_id" jdbcType="INTEGER" property="userId" />
  </resultMap>
  <sql id="Example_Where_Clause">
    <!--
      WARNING - @mbg.generated
      This element is automatically generated by MyBatis Generator, do not modify.
      This element was generated on Fri Feb 23 16:47:14 CST 2018.
    -->
    <where>
      <foreach collection="oredCriteria" item="criteria" separator="or">
        <if test="criteria.valid">
          <trim prefix="(" prefixOverrides="and" suffix=")">
            <foreach collection="criteria.criteria" item="criterion">
              <choose>
                <when test="criterion.noValue">
                  and ${criterion.condition}
                </when>
                <when test="criterion.singleValue">
                  and ${criterion.condition} #{criterion.value}
                </when>
                <when test="criterion.betweenValue">
                  and ${criterion.condition} #{criterion.value} and #{criterion.secondValue}
                </when>
                <when test="criterion.listValue">
                  and ${criterion.condition}
                  <foreach close=")" collection="criterion.value" item="listItem" open="(" separator=",">
                    #{listItem}
                  </foreach>
                </when>
              </choose>
            </foreach>
          </trim>
        </if>
      </foreach>
    </where>
  </sql>
  <sql id="Update_By_Example_Where_Clause">
    <!--
      WARNING - @mbg.generated
      This element is automatically generated by MyBatis Generator, do not modify.
      This element was generated on Fri Feb 23 16:47:14 CST 2018.
    -->
    <where>
      <foreach collection="example.oredCriteria" item="criteria" separator="or">
        <if test="criteria.valid">
          <trim prefix="(" prefixOverrides="and" suffix=")">
            <foreach collection="criteria.criteria" item="criterion">
              <choose>
                <when test="criterion.noValue">
                  and ${criterion.condition}
                </when>
                <when test="criterion.singleValue">
                  and ${criterion.condition} #{criterion.value}
                </when>
                <when test="criterion.betweenValue">
                  and ${criterion.condition} #{criterion.value} and #{criterion.secondValue}
                </when>
                <when test="criterion.listValue">
                  and ${criterion.condition}
                  <foreach close=")" collection="criterion.value" item="listItem" open="(" separator=",">
                    #{listItem}
                  </foreach>
                </when>
              </choose>
            </foreach>
          </trim>
        </if>
      </foreach>
    </where>
  </sql>
  <sql id="Base_Column_List">
    <!--
      WARNING - @mbg.generated
      This element is automatically generated by MyBatis Generator, do not modify.
      This element was generated on Fri Feb 23 16:47:14 CST 2018.
    -->
    id, shop_name, shop_id, last_download_time, auth_code, gmt_create, gmt_modified, 
    user_id
  </sql>
  <select id="selectByExample" parameterType="com.ycxy.wdgj.model.ShopExample" resultMap="BaseResultMap">
    <!--
      WARNING - @mbg.generated
      This element is automatically generated by MyBatis Generator, do not modify.
      This element was generated on Fri Feb 23 16:47:14 CST 2018.
    -->
    select
    <if test="distinct">
      distinct
    </if>
    <include refid="Base_Column_List" />
    from shop
    <if test="_parameter != null">
      <include refid="Example_Where_Clause" />
    </if>
    <if test="orderByClause != null">
      order by ${orderByClause}
    </if>
    <if test="limitByClause!=null">
        ${limitByClause}
    </if>
  </select>
  <select id="selectByPrimaryKey" parameterType="java.lang.Integer" resultMap="BaseResultMap">
    <!--
      WARNING - @mbg.generated
      This element is automatically generated by MyBatis Generator, do not modify.
      This element was generated on Fri Feb 23 16:47:14 CST 2018.
    -->
    select 
    <include refid="Base_Column_List" />
    from shop
    where id = #{id,jdbcType=INTEGER}
  </select>
  <delete id="deleteByPrimaryKey" parameterType="java.lang.Integer">
    <!--
      WARNING - @mbg.generated
      This element is automatically generated by MyBatis Generator, do not modify.
      This element was generated on Fri Feb 23 16:47:14 CST 2018.
    -->
    delete from shop
    where id = #{id,jdbcType=INTEGER}
  </delete>
  <delete id="deleteByExample" parameterType="com.ycxy.wdgj.model.ShopExample">
    <!--
      WARNING - @mbg.generated
      This element is automatically generated by MyBatis Generator, do not modify.
      This element was generated on Fri Feb 23 16:47:14 CST 2018.
    -->
    delete from shop
    <if test="_parameter != null">
      <include refid="Example_Where_Clause" />
    </if>
  </delete>
  <insert id="insert" parameterType="com.ycxy.wdgj.model.Shop">
    <!--
      WARNING - @mbg.generated
      This element is automatically generated by MyBatis Generator, do not modify.
      This element was generated on Fri Feb 23 16:47:14 CST 2018.
    -->
    insert into shop (id, shop_name, shop_id, 
      last_download_time, auth_code, gmt_create, 
      gmt_modified, user_id)
    values (#{id,jdbcType=INTEGER}, #{shopName,jdbcType=VARCHAR}, #{shopId,jdbcType=BIGINT}, 
      #{lastDownloadTime,jdbcType=TIMESTAMP}, #{authCode,jdbcType=VARCHAR}, #{gmtCreate,jdbcType=TIMESTAMP}, 
      #{gmtModified,jdbcType=TIMESTAMP}, #{userId,jdbcType=INTEGER})
  </insert>
  <insert id="insertSelective" parameterType="com.ycxy.wdgj.model.Shop">
    <!--
      WARNING - @mbg.generated
      This element is automatically generated by MyBatis Generator, do not modify.
      This element was generated on Fri Feb 23 16:47:14 CST 2018.
    -->
    insert into shop
    <trim prefix="(" suffix=")" suffixOverrides=",">
      <if test="id != null">
        id,
      </if>
      <if test="shopName != null">
        shop_name,
      </if>
      <if test="shopId != null">
        shop_id,
      </if>
      <if test="lastDownloadTime != null">
        last_download_time,
      </if>
      <if test="authCode != null">
        auth_code,
      </if>
      <if test="gmtCreate != null">
        gmt_create,
      </if>
      <if test="gmtModified != null">
        gmt_modified,
      </if>
      <if test="userId != null">
        user_id,
      </if>
    </trim>
    <trim prefix="values (" suffix=")" suffixOverrides=",">
      <if test="id != null">
        #{id,jdbcType=INTEGER},
      </if>
      <if test="shopName != null">
        #{shopName,jdbcType=VARCHAR},
      </if>
      <if test="shopId != null">
        #{shopId,jdbcType=BIGINT},
      </if>
      <if test="lastDownloadTime != null">
        #{lastDownloadTime,jdbcType=TIMESTAMP},
      </if>
      <if test="authCode != null">
        #{authCode,jdbcType=VARCHAR},
      </if>
      <if test="gmtCreate != null">
        #{gmtCreate,jdbcType=TIMESTAMP},
      </if>
      <if test="gmtModified != null">
        #{gmtModified,jdbcType=TIMESTAMP},
      </if>
      <if test="userId != null">
        #{userId,jdbcType=INTEGER},
      </if>
    </trim>
  </insert>
  <select id="countByExample" parameterType="com.ycxy.wdgj.model.ShopExample" resultType="java.lang.Long">
    <!--
      WARNING - @mbg.generated
      This element is automatically generated by MyBatis Generator, do not modify.
      This element was generated on Fri Feb 23 16:47:14 CST 2018.
    -->
    select count(*) from shop
    <if test="_parameter != null">
      <include refid="Example_Where_Clause" />
    </if>
  </select>
  <update id="updateByExampleSelective" parameterType="map">
    <!--
      WARNING - @mbg.generated
      This element is automatically generated by MyBatis Generator, do not modify.
      This element was generated on Fri Feb 23 16:47:14 CST 2018.
    -->
    update shop
    <set>
      <if test="record.id != null">
        id = #{record.id,jdbcType=INTEGER},
      </if>
      <if test="record.shopName != null">
        shop_name = #{record.shopName,jdbcType=VARCHAR},
      </if>
      <if test="record.shopId != null">
        shop_id = #{record.shopId,jdbcType=BIGINT},
      </if>
      <if test="record.lastDownloadTime != null">
        last_download_time = #{record.lastDownloadTime,jdbcType=TIMESTAMP},
      </if>
      <if test="record.authCode != null">
        auth_code = #{record.authCode,jdbcType=VARCHAR},
      </if>
      <if test="record.gmtCreate != null">
        gmt_create = #{record.gmtCreate,jdbcType=TIMESTAMP},
      </if>
      <if test="record.gmtModified != null">
        gmt_modified = #{record.gmtModified,jdbcType=TIMESTAMP},
      </if>
      <if test="record.userId != null">
        user_id = #{record.userId,jdbcType=INTEGER},
      </if>
    </set>
    <if test="_parameter != null">
      <include refid="Update_By_Example_Where_Clause" />
    </if>
  </update>
  <update id="updateByExample" parameterType="map">
    <!--
      WARNING - @mbg.generated
      This element is automatically generated by MyBatis Generator, do not modify.
      This element was generated on Fri Feb 23 16:47:14 CST 2018.
    -->
    update shop
    set id = #{record.id,jdbcType=INTEGER},
      shop_name = #{record.shopName,jdbcType=VARCHAR},
      shop_id = #{record.shopId,jdbcType=BIGINT},
      last_download_time = #{record.lastDownloadTime,jdbcType=TIMESTAMP},
      auth_code = #{record.authCode,jdbcType=VARCHAR},
      gmt_create = #{record.gmtCreate,jdbcType=TIMESTAMP},
      gmt_modified = #{record.gmtModified,jdbcType=TIMESTAMP},
      user_id = #{record.userId,jdbcType=INTEGER}
    <if test="_parameter != null">
      <include refid="Update_By_Example_Where_Clause" />
    </if>
  </update>
  <update id="updateByPrimaryKeySelective" parameterType="com.ycxy.wdgj.model.Shop">
    <!--
      WARNING - @mbg.generated
      This element is automatically generated by MyBatis Generator, do not modify.
      This element was generated on Fri Feb 23 16:47:14 CST 2018.
    -->
    update shop
    <set>
      <if test="shopName != null">
        shop_name = #{shopName,jdbcType=VARCHAR},
      </if>
      <if test="shopId != null">
        shop_id = #{shopId,jdbcType=BIGINT},
      </if>
      <if test="lastDownloadTime != null">
        last_download_time = #{lastDownloadTime,jdbcType=TIMESTAMP},
      </if>
      <if test="authCode != null">
        auth_code = #{authCode,jdbcType=VARCHAR},
      </if>
      <if test="gmtCreate != null">
        gmt_create = #{gmtCreate,jdbcType=TIMESTAMP},
      </if>
      <if test="gmtModified != null">
        gmt_modified = #{gmtModified,jdbcType=TIMESTAMP},
      </if>
      <if test="userId != null">
        user_id = #{userId,jdbcType=INTEGER},
      </if>
    </set>
    where id = #{id,jdbcType=INTEGER}
  </update>
  <update id="updateByPrimaryKey" parameterType="com.ycxy.wdgj.model.Shop">
    <!--
      WARNING - @mbg.generated
      This element is automatically generated by MyBatis Generator, do not modify.
      This element was generated on Fri Feb 23 16:47:14 CST 2018.
    -->
    update shop
    set shop_name = #{shopName,jdbcType=VARCHAR},
      shop_id = #{shopId,jdbcType=BIGINT},
      last_download_time = #{lastDownloadTime,jdbcType=TIMESTAMP},
      auth_code = #{authCode,jdbcType=VARCHAR},
      gmt_create = #{gmtCreate,jdbcType=TIMESTAMP},
      gmt_modified = #{gmtModified,jdbcType=TIMESTAMP},
      user_id = #{userId,jdbcType=INTEGER}
    where id = #{id,jdbcType=INTEGER}
  </update>
  
  <select id="selectCountMoney" resultType="double">
    select sum(total_money) as value from trade_order where #{days} >= (TO_DAYS(now())-TO_DAYS(gmt_create))
    and shop_id=#{shopId}
  </select>
</mapper>