{
    "tradeType":{
        "name":"订单类型",
        "values":[
            {
                "id":"1",
                 "name":"零售订单"
            },
            {
                "id":"2",
                 "name":"批发订单"
            },
            {
                "id":"3",
                 "name":"现款销售"
            }
        ]    
   },
   "customerType":{
            "name":"用户类别",
            "values":[
                    {
                        "id":"1",
                        "name":"普通会员"
                    },{
                          "id":"2",
                           "name":"青铜会员"
                    },{
                            "id":"3",
                             "name":"白银会员"
                    },{
                              "id":"4",
                              "name":"黄金会员"
                    }
            ]
   },
   "identityCardType":{
            "name":"证件类型",
            "values":[
                {
                           "id":"1",
                         "name":"身份证"
                },{
                          "id":"2",
                         "name":"护照"
                },{
                         "id":"3",
                        "name":"其他证件"
                }
            ]
   },
      "logisticsInfo":{
            "name":"物流类型",
            "values":[
                {
                           "id":"1",
                         "name":"顺丰"
                },{
                          "id":"2",
                         "name":"中通"
                },{
                         "id":"3",
                        "name":"韵达"
                },{
                         "id":"3",
                        "name":"圆通"
                },{
                         "id":"3",
                        "name":"申通"
                }
            ]
   }
}